"Title","E-mail","Location"
"Simply Clean","simplycleandublin@gmail.com","Kildare"
"Simply Blinds","info@misterblinds.ie","Dublin"
"Simply Art, The Contemporary Art & Design Shop","catherine@simplymourne.com","Antrim"
"Simply Aesthetics","info@SimplyAesthetics.ie","Dublin"
"Simplify I.T.","info%40simplifyingsafety.ie","Dublin"
"SimpleEarth","help@simplyearth.com","Kilkenny"
"Simple’s Aromatherapy Centre","customer.care@treatwell.ie","Dublin"
"Simple Retail Solutions","salesenquiry@retailsolutions.ie","Dublin"
"Simple PC Solutions","info@computerambulance.ie","Dublin"
"Simones","simonewalshartist@gmail.com","Louth"
"Simone Walsh Irish Art and Design","simonewalshartist@gmail.com","Dublin"
"Simon Womens Aid Project","swapdundalk@gmail.com","Wexford"
"Simon Peare Photography","info@simonpearephotography.com?subject=Wedding%20Plans&body=Hi%20","Dublin"
"Simon Peare Photography","info@simonpearephotography.com","Galway"
"Simon Kavanagh Motors","sales@simonkavanaghmotors.ie","Dublin"
"Simon Jersey Ltd","sales@simonjersey.com","Dublin"
"Simon Dental Laboratories Ltd","info@simondentallab.com","Dublin"
"Simon Curtis","simoncurtis@esatclear.ie","Dublin"
"Simon casey band","simon@simoncasey.ie","Cork"
"Simon Beale & Associates","info@sbassociates.ie","Roscommon"
"Silverstone Dimensions","info@silverstonedimensions.com","Cork"
"Silverstar","cpni@silverstar.com",""
"Silversprings Moran Hotel","clientes@quierohotel.com","Tipperary"
"Silvermines Bar & Lounge","joemulqueen13@gmail.com","Dublin"
"Silverlining coach hire","info@silverlining.ie","Dublin"
"SILVERLINING COACH HIRE","info@silverlining.ie","Wicklow"
"Silverdome Electric Ltd.","sales@silverdome.ie","Limerick"
"Silverdome Electric","sales@silverdome.ie","Leitrim"
"Silverdollar Bar The","okellydollar@hotmail.com","Monaghan"
"Silverbling","silverbling.ie@gmail.com","Meath"
"Silver Works","info@silverworks.ie","Dublin"
"Silver Vending Ltd","info@silvervendingltd.ie","Dublin"
"Silver Tassie Hotel & Spa","info@silvertassiehotel.ie","Donegal"
"Silver Stream Healthcare Group Ltd.","admin@silverstream.ie","Dublin"
"Silver Strand Caravan Park Ltd","info@silverstrandcaravanpark.ie","Meath"
"Silver Shadow Solutions","alex.l@silver-shadow.com","Kildare"
"Silver Scissors","info@adams.ie","Cork"
"Silver River Interiors","info@silverriver.ie","Meath"
"Silver Motor Repairs","info@silvermotors.ie","Dublin"
"Silver Lining Web Design","info@silverliningwebdesign.com","Meath"
"Silver Image Photography","info@silverimage.ie","Dublin"
"Silver Grove Nursing Home","info@silvergrovenursinghome.ie","Wicklow"
"Silver Cross Ireland","staffexpert@silvercross.ie","Dublin"
"Silver Bullet Warehousing Ltd","info@silverbulletwarehousing.com","Cork"
"Silver Birch Gardeners","malonelandscapes@gmail.com","Wicklow"
"Siltex Safety Ltd","siltex@safetyonline.ie","Meath"
"Silme Construction","info@kph.ie","Kerry"
"Silly Sally Parties and Events for Children","bridni@yahoo.com","Dublin"
"Sillogue & Sandyhill Community Centre","lynda@cafta.ie","Meath"
"Silloge Park Public Golf Course","info@sillogeparkgolfclub.com","Roscommon"
"Silken Thomas The","info@silkenthomas.com","Mayo"
"Silke Opticians","silkehair8@gmail.com","Roscommon"
"Silke Angela Beauty Clinic","info@angelasilke.ie","Meath"
"Silk & Ginger-boutiqe salon","support@hbastudiodublin.com","Dublin"
"silentmaster central vacuum","silentmaster@iol.ie","Dublin"
"Silent Alert International","brian@silentalert.ie","Dublin"
"Signwise","sales@signsplus.ie","Limerick"
"Signtech","signtech@live.ie","Kildare"
"SignStore.ie","info@signstore.ie","Laois"
"Signsplus Limited","sales@signsplus.ie","Wicklow"
"Signs Fiction","centrallibrary@dublincity.ie","Dublin"
"Signs Express","sales@signs-express.ie","Wicklow"
"Signs Direct","info@signsdirect.ie",""
"Signs ASAP Ltd.","info@signsasap.ie","Kildare"
"Signs & Things – Gold Leaf Specialists","Davidadriansmith@icloud.com","Limerick"
"Signcraft Sign Company","COLM@SIGNCRAFTDUBLIN.IE","Dublin"
"Signature Kitchens","info@nolankitchens.com","Louth"
"Signature Furniture & Bedding Outlet Store","Dromiskin@signaturefurniture.ie","Dublin"
"Signature Furniture","Dromiskin@signaturefurniture.ie","Sligo"
"Signature Fire Protection","info@totalfireprotection.ie","Dublin"
"Signature Coaching & Training","writeyourstorynlp@gmail.com","Dublin"
"Signature Blinds & Shutters","info@signature.ie","Cork"
"Signature Blinds","info@signature.ie","Dublin"
"Signarama Cork Ltd","caroline@signarama.ie","Laois"
"Sign Solutions","info@signsolutions.ie","Dublin"
"Sign On Time","info@signontime.ie","Dublin"
"Sign Language Ireland Ltd","info@clanesm.com","Kildare"
"Sign Design Ltd","info@signsdonegal.com","Donegal"
"Sign Design Limited","info@signdesign.ie","Dublin"
"Sign Bank","info@bankofirelandlife.ie","Dublin"
"Sight and Sound","Stuart.lawler@sightandsoundtechnology.ie","Cork"
"Sight & Sound Distributors Lt","info@sightandsound.ie","Dublin"
"Sight & Sound Business Training Centre","info@sightandsound.ie","Dublin"
"Sight & Sound (Distributors) Ltd","info@sightandsound.ie","Dublin"
"Sienna Home Furnishings","info@sienna.ie","Dublin"
"Sidson Craftworks","info@meathcoco.ie ","Meath"
"Sids Plumbing & Heating Services","sidney.sidsplumbing@gmail.com","Monaghan"
"Sidewalk Cafe & Deli","info@metrocafe.ie","Dublin"
"Sideline Productions Ltd","info@sideline.ie?subject=Contact%20Request","Kildare"
"SiBS","info@sibsgroup.com","Cork"
"Si Jewellery","Ailishkelly01@gmail.com","Kildare"
"Shylocks Hair Salon","rtshairdesign@eircom.net","Clare"
"Shylocks","shylockmichael@gmail.com","Dublin"
"Shutters of Dublin","info@houseofshutters.ie","Cavan"
"ShutterPlus","info@shutterplus.ie","Dublin"
"Shutterbugs photo studio","mike@shutterbugs.ie","Offaly"
"Shutter Fever Photography","shutterfever@gmail.com",""
"Shutter Factory The","info@theshutterfactory.ie","Waterford"
"Shutcon Ltd.","info@dorset.ie","Dublin"
"Shuriken Sports","shurikensports@gmail.com","Laois"
"SHS Renewables","info@shs-renewables.ie","Dublin"
"SHS Renewables","info@shs-renewables.ie","Portlaoise"
"SHS Online","info@shsonline.ie","Limerick"
"Shrule National School","principal@shrulens.ie","Offaly"
"Shrink Wrap Pro","Info@ShrinkWrapPro.com","Dublin"
"Shrewsbury Nursing Home","info@hiqa.ie","Tipperary"
"Shree Fire Pack Safety Pvt Ltd.","info@shreefirepacksafety.com",""
"Shree Ayurveda","madhuri5473@hotmail.com","Dublin"
"Shranamonragh National School","secretary@bishopshanahan.ie","Dublin"
"Showstoppers The","helpdesk@businesspost.ie","Meath"
"Showstoppers Stage School","showstoppersstageschool@gmail.com?subject=Enquiry","Westmeath"
"Showpix Stores","cork@theaddresscollective.com","Cork"
"Showjumping Ireland Clothing","leinstersji@gmail.com","Wexford"
"Showerlux","showerdoorparts@gmail.com","Meath"
"Shower Services","info@showerservices.ie","Cork"
"Shower Elite","denis@claneproviders.com?subject=Product Enquiry: Shower Mira Elite Qt Electric Shower 9Kw 230V","Kildare"
"Showcase Cork","info@showcaseireland.com?subject=Showcase%202023%20Enquiry","Waterford"
"Showcarhire.ie","info@absigns.ie","Kildare"
"Shovlin Marine","marketing.ie@kompass.uk","Kilkenny"
"Shotokan Karate","uskfi.greystones@gmail.com","Wicklow"
"Shortens Garage LTD","info@tractorscork.ie","Cork"
"Shorten Dr Geraldine","hello@geraldinerudkins.com","Kilkenny"
"Shortall Dr Patk","user.options@12s5i","Dublin"
"Short Term Solutions","planning@limerick.ie","Limerick"
"Short Cuts Hair Salon","customer.care@treatwell.ie","Dublin"
"Short Codes Ireland","user.options@12s5i","Cork"
"Short Call Limited","info@safety.ie","Kildare"
"Shoreline Communications","shoreline@communications.bm","Kildare"
"Shorcontrol Safety Ltd","info@safety.ie","Wexford"
"Shorcontrol Safety","info@safety.ie","Kildare"
"Shopping Trolleys","customerservices@lenehans.ie.","Cork"
"Shopping Direct","hello@ecommercedb.com","Dublin"
"Shop4Choice Ireland","info@rene.ie","Dublin"
"Shootmydog.ie"," brendan@shootmydog.ie","Meath"
"Shoot My Dog"," brendan@shootmydog.ie","Meath"
"Shoes For Crews","orders@sfceurope.com","Wicklow"
"ShockBox","asxvmprobertest@gmail.com","Limerick"
"Shiva Air Conditioning","info@shiva.ie","Wicklow"
"Shirleys Hair Salon","shirleymcelwaine@gmail.com","Monaghan"
"Shirley Price College Of Aromatherapy","sales@yourshop.com","Monaghan"
"Shirley Arms Hotel","reception@shirleyarmshotel.ie","Limerick"
"Shirley Arms","reception@shirleyarmshotel.ie","Wicklow"
"Shire Kitchens & Wardrobes","info@blackpoolkitchens.ie","Cork"
"Shipton Services","info@douglascourt.ie","Cork"
"shipme2.net","asxvmprobertest@gmail.com","Sligo"
"Shinners Financial Services Ltd","niall@shinnersfinancial.ie","Clare"
"ShineXpress, mobile valeting services.","info@shinexpress.ie","Wexford"
"Shinelle Hair Salon","Shinellehairsalon@yahoo.com","Dublin"
"Shine-By-Design","shinebeautysalondublin@gmail.com","Dublin"
"ShinDoKan School of Karate & Tai Chi","bodyworksgym096@gmail.com","Kilkenny"
"Shimla Restaurant","newshimla@hotmail.com","Wicklow"
"Shillelagh No. 1 National School","shillelaghno1@gmail.com","Kildare"
"Shika Do Karate","info@shika-do.com","Dublin"
"Shiels Keane","user.options@12s5i","Cork"
"Shields Mobile Stages","harvestrally2023@gmail.com","Donegal"
"Shields LK Solicitors","email@lkshields.ie","Louth"
"Shields Hugh","user.options@12s5i","Louth"
"Shields Des","hello@shieldsdentalclinic.ie","Limerick"
"Shields Carpentry Svce","info@murdockshields.ie","Dublin"
"Shield Self Defence","sales@eventbrite.com","Kildare"
"Shiel Sand & Gravel Ltd.","shielsandgravel@gmail.com","Galway"
"Shi Shir Restaurant","asadmahmudk@gmail.com","Kildare"
"Sherwood’s","info@sherwoodtechnologies.ie","Westmeath"
"sherwood media","sales@sherwoods.ie","Kilkenny"
"Sherwood Computer Services","alan@sherwoodassociates.ie","Wicklow"
"Sherwin O’Riordan Solicitors","info@sor.ie","Dublin"
"Sherry Property Consultants","tony.kavanagh@sherryfitz.ie","Galway"
"Sherry McCaffery Solicitors","info@sherrymccaffery.com","Dublin"
"Sherry Fitzgerald O`Donovan","info@sfod.ie","Dublin"
"Sherry Fitzgerald O’Reilly","john@sfor.ie","Kildare"
"Sherry Fitzgerald Myles Doyle","catherine@sfcatherineoreilly.ie","Louth"
"Sherry Fitzgerald Lettings","arklow@sfcatherineoreilly.ie","Wicklow"
"Sherry Fitzgerald Catherine O Reilly","catherine@sfcatherineoreilly.ie","Wicklow"
"Sherry Declan","customerhelp@independent.ie?body=Independent.ie&amp;subject=Independent.ie","Meath"
"Sherpha","info@sherpa.ie","Dublin"
"Sherlock Transport Service","info@sherlock.ie","Sligo"
"Sherlock Transport","info@sherlock.ie","Meath"
"Sherlock Robert","info@sfi.ie","Waterford"
"Sheridan Sewing","sosewnaas@gmail.com","Kildare"
"Sheridan Security Systems","sales@sheridansecurity.ie","Meath"
"Sheridan School Of Motoring","pat.sheridan121@gmail.com","Wicklow"
"Sheridan Ronan","info@rsplant.ie","Dublin"
"Sheridan Quinn Solicitors","office@sheridanquinn.ie","Cavan"
"Sheridan Patrick","user.options@12s5i","Tipperary"
"Sheridan Insurances","info@sheridan.ie","Wexford"
"Sheridan F L & Co","info@sheridanestates.ie","Dublin"
"Sheridan & Co","sheridansollk@eircom.net","Carlow"
"Sheridan – Colohan","info@brokersireland.ie","Cavan"
"Shercock Credit Union","info@castleblayney.cumail.ie","Westmeath"
"SHEQ.ie Centre of Excellence","info@sheq.ie","Cork"
"Hughes RecoveryThis is a verified listing. Find out more","jameshughes009@gmail.com","Wicklow"
"Hughes Peter","peter.hughes@lawlibrary.ie ","Dublin"
"Hughes Murphy Solicitors","info@hughesmurphy.ie","Tipperary"
"Hughes Monumental Works","sales@hughesmarble.com","Mayo"
"Hughes Kitchens & Furniture","info@hugheskitchenfurniture.com","Monaghan"
"Hughes Kitchen","info@hugheskitchenfurniture.com","Dublin"
"Hughes Kevin","info@visualartists.ie?subject=Hello!%20-%20Email%20Contact%20from%20Website","Carlow"
"Hughes Jim & Deirdre","idionumina@gmail.com","Kilkenny"
"Hughes J & B (Hughes Kevin C)","scoped-custom-element-registry@0.0.3.min.js","Louth"
"Hughes Henry","studio@midwestradio.ie","Mayo"
"Hughes Electrics","KEVIN.DUNICAN@BAKERHUGHES.COM","Clare"
"Hughes Dr Kieran M","admissions.sligo@atu.ie","Roscommon"
"Hughes Dr Alex T C","Nowlanpark.kilkenny@gaa.ie","Kilkenny"
"Hughes Childrens Boutique","amhughes63@gmail.com","Kildare"
"Hughes Booksellers","services@irishtimes.com","Kilkenny"
"Hughes Assumpta Mrs","assumpta.guilfoyle@tcd.ie","Dublin"
"Hugh Ryan Landscape Design","mail@hughryan.ie","Donegal"
"Hugh McGroddy Notary","hmcgroddy@mcgroddybrennan.ie","Dublin"
"Hugh McCarthy & Associates","info@yourcompany.com","Cavan"
"Hugh Maguire Family Butcher","sales@thesmokinbutcher.com","Dublin"
"Hugh Forkin Interiors","sales@pwforkininteriors.com","Dublin"
"Hue Hair Salon","thehairstudio25@gmail.com","Wicklow"
"Hudsons Wholefoods","gill@hudsonswholefoods.com","Dublin"
"Hubert Danis Landscaping","contact@hdlandscaping.ie","Dublin"
"http://www.eceltic.ie/","info@eceltic.ie","Dublin"
"http://thehamlet.ie","info@thehamlet.ie","Clare"
"HTH Accountants Ltd","info@hthaccountants.com","Kildare"
"HT Promotions","emckee@iol.ie","Dublin"
"HRS – House Repair Services","info@houserepairservices.ie","Dublin"
"hronline","info@peninsula-ie.com","Dublin"
"HRLocker.com","invest@hrlocker.com","Dublin"
"HRi","info@hri.ie","Leitrim"
"HR Solutions","info@hrsolutions.ie",""
"HR Skills Ltd","kelly@hrandtalentsolutions.ie","Cork"
"HR Consult","info@hrpgroup.ie","Dublin"
"HPS Group","robert@hpsgroup.ie","Dublin"
"HPnutrition Ltd","info@hpnutrition.ie","Dublin"
"Hp Roofing","info@hproofing.ie","Westmeath"
"HP Metal Roofing","info@hproofing.ie","Kilkenny"
"Hoyne Stephen","suite8@hermitageclinic.ie","Dublin"
"Howth Meats","info@howthmarket.ie","Dublin"
"Howth Hill Lodge and Brymore House","info@nli.ie","Dublin"
"Howth Hardware","howth@experthardware.ie","Dublin"
"Howth Golf Club","secretary@howthgolfclub.ie","Dublin"
"Howth Financial Services Ltd","advice@howthfinancial.ie","Dublin"
"Howth Boatyard Services Ltd","marina@hyc.ie","Dublin"
"Howth Boat Yd","info@irelandseyeferries.com","Mayo"
"Howleys Family Butcher","howleysbutchers681@gmail.com","Dublin"
"Howley Tom","clarkecollection@mayococo.ie","Mayo"
"Howley Mr John","scoped-custom-element-registry@0.0.3.min.js","Mayo"
"Howley John","info@clsrecruitment.ie","Galway"
"Howley Carpet & Upholstery Cleaning","info@howleycarpetcleaning.ie","Cork"
"Howes Bar","customerhelp@independent.ie?body=Independent.ie&amp;subject=Independent.ie","Dublin"
"Howe Michael J Taxis","robert@broofa.com","Cork"
"Howards Court Bandon","support@designinvento.com","Cork"
"Howard Roofing Contractors","howardroofingdublin@gmail.com","Wicklow"
"Howard Robert","user.options@12s5i","Kildare"
"HOWARD RECOVERY","howardrecoveryoffice@gmail.com","Clare"
"Howard Martha","mhoward@tntech.edu","Cork"
"Howard Margaret","97b505e76b574daca88fbdb6cc3054c9@o57980.ingest.sentry.io","Kildare"
"Howard and Co. Solictors","info@howardandco.ie","Cork"
"Howard A F","user.options@12s5i","Wicklow"
"Howard & Co Solicitors","info@howardandco.ie","Wexford"
"How’s that Ltd","asxvmprobertest@gmail.com","Dublin"
"Houston Shane","martin@houstonengineering.ie","Donegal"
"Houston & Scott Funeral Service","davidmaxwellpc@gmail.com","Dublin"
"Houseworks Ltd.","info@houseworksireland.com","Dublin"
"Houseproud","online@houseproudfurnishings.com","Dublin"
"housekeeper","noreply@indeed.com","Wicklow"
"houseish.com","hello@houseish.com","Dublin"
"Houseinfrance","welcome@housedublin.ie","Dublin"
"Household Moving Company The","info@kerryremovals.com","Kerry"
"Household moving Co Ltd","ops@hhm.ie","Dublin"
"HouseFix","logo-white-small@2x.webp","Dublin"
"HOUSE7 architects","info@house7architects.ie","Dublin"
"House-Ware International","frank@houseware.ie","Kildare"
"House Proud","online@houseproudfurnishings.com","Sligo"
"House Painting in Dublin","info@painting-dublin.ie","Dublin"
"House of Weddings","events@borrishouseweddings.com","Carlow"
"House of Value","info@carlowproperty.ie","Carlow"
"House Of Tiles & Bathrooms","coolock@houseoftiles.ie","Kildare"
"House Of Tiles","coolock@houseoftiles.ie","Dublin"
"House of Style","Info@stylehouseboutique.ie","Wexford"
"House of Mortgages","contact@whichmortgage.ie","Wicklow"
"House Of Merritt","uilaw@uidaho.edu","Dublin"
"House of Lights","sales@houseoflights.ie","Dublin"
"House of Ireland","user.options@12s5i","Galway"
"House Of Hair","info@houseofcolour.ie","Dublin"
"House Of Grafton","info@radiokerry.ie","Kerry"
"House of Coolmore Ltd","info@houseofcoolmore.ie","Dublin"
"House Of Colour","info@houseofcolour.ie","Dublin"
"House Of Children Creche & Montessori"," info@nourrice.ie","Wexford"
"House of Cards Ltd","user.options@12s5i","Laois"
"House Of Cards","accounts@an-grianan.ie?subject=Email%20from%20An%20Grianan%20Website","Louth"
"House Of Cakes","berniehouseofcakes@gmail.com","Cork"
"House of Beauty","UKConsumeradvice@loreal.com","Cavan"
"House Of Angels","customerhelp@independent.ie?body=Independent.ie&amp;subject=Independent.ie","Louth"
"House My Dog Find a House for Your Dog while Away!","u002Fd7d0029b0a63456da5e5bfd4f71cf9e2@sentry.io",""
"House Matters","info@housing-matters.com","Louth"
"House Maintenance","info@kildarepropertymaintenance.ie","Kildare"
"house lifting","corkremovals1@gmail.com","Cork"
"House Lift","info@evolutionlifts.ie","Dublin"
"House Clearance Service","info@rubbishtaxi.ie","Dublin"
"House Cleaning Southampton","support@dublin-housecleaning.ie","Dublin"
"House Cleaning Dublin","mailto:info@perfectclean.ie","Dublin"
"House Building & Renovation Dublin","Info@kellyconstruction.ie","Wicklow"
"House and Garden","info@killruddery.com","Wicklow"
"House & Garden Presentation Services","sales@hgps.ie","Cork"
"Hourigan Scaffolding Services Ltd","jamiehouriganscaff@hotmail.com","Cork"
"Hourigan","info@wagyu.ie","Wicklow"
"Hounds Holiday House","pmorck@usa.net","Dublin"
"Houlihan Tomás MRCGP","info@newb.ie","Kerry"
"Houlihan Ml","ellenhouli@gmail.com","Kerry"
"Houlihan Michael & Partners","harnettsfuneralhome@gmail.com","Kerry"
"Houlihan Kevin","services@irishtimes.com","Dublin"
"Houlihan Engineering & Ventilation","hventsales@outlook.com",""
"Houlihan Construction","houlihanconstruction@yahoo.ie","Waterford"
"Houghton Jas","customerhelp@independent.ie?body=Independent.ie&amp;subject=Independent.ie","Wexford"
"Houdini Security Systems","desk@breakingnews.ie","Dublin"
"Hotspot Events","hotspotmusiclubg@gmail.com?subject=New%20email%20enquiry","Cork"
"HotOrigin","user.options@12s5i","Waterford"
"Hotlook Model Management","info@hotlookmodels.com","Wicklow"
"Hotlocks","info@horanspub.ie","Wicklow"
"Hotfoot The Warm Floor Store UFH & Heat Pumps","info@hotfoot.ie","Dublin"
"Hotfoot","outdoors@wildhunter.eu","Sligo"
"hotels Sligo by Theresa Devaney","wheatscatering@itsligo.ie","Louth"
"Hotel Westport","reservations@hotelwestport.ie","Tipperary"
"Hotel Revenue Solutions","info@hotel-solutions.ie","Cavan"
"Hotel Minella","frontdesk@hotelminella.com","Kilkenny"
"Hotel Kilmore","info@hotelkilmore.ie","Meath"
"Hotel Kilkenny","experience@hotelkilkenny.ie","Meath"
"Hotel and Catering Jobs","noreply@indeed.com","Dublin"
"Hot Shotz","sales@agridirect.ie","Down"
"Hot Shots Bowling","hotshotsclonmel@gmail.com","Dublin"
"Hot Press Magazine","info@hotpress.ie","Dublin"
"Hot Heads Hair Salon","tinakennedy@gmail.com","Dublin"
"Hot Floors Ltd","info@irishflooring.ie","Dublin"
"Hot Bubble Cafe","info@hotbubblecafe.ie","Longford"
"Hosting Ireland","sales@hostingireland.ie","Dublin"
"Hospity","noel.murray@mtu.ie","Cork"
"Hospitalityphoto.ie","hospitality.onpoleposition@yahoo.com","Dublin"
"Hospitality Partnership The","info@hospitalitypartners.ie","Limerick"
"Hospital Laundry Equipment","info@murphyslaundry.com","Limerick"
"Hosford’s Geraniums & Garden Centre","john@hosfordsgardencentre.ie","Dublin"
"Hose Cover Innovations Limited","ecfd85d150d54e4fb18a450d40cff53a@sentry.indeed.com","Waterford"
"HortiTrends","design@horticulture.ie",""
"Horslyx","info@horslyx.com","Laois"
"Horseshoe Inn The","info@horseshoe.ie","Kerry"
"Horseshoe House B&B","sarah@rentwestcork.ie","Cork"
"Horses4U","info@horsesconnect.com","Galway"
"horses kabs","1937ab71c8804b2b8438178dfdd6468f@sentry.io","Cork"
"Horses Connect","info@horsesconnect.com","Sligo"
"Horses 4 U","Web@tri-ireland.com","Kildare"
"Horsebed Stable Supplies","horseworldstables@eircom.net","Tipperary"
"Horse Racing Ireland","info@tipperaryraces.ie","Tipperary"
"Horse & Jockey Inn","info@horseandhoundhotel.ie","Wexford"
"Horse & Hound Inn Hotel","mark@horseandhounddelgany.com","Wicklow"
"Horse & Hound","info@horseandhoundhotel.ie","Waterford"
"Hornibrook Garage","sales@hornibrooks.ie","Cork"
"Horse & Country","bookings@donegalequestriancentre.com","Donegal"
"Horner Ireland Ltd","info@horner-apg.com","Sligo"
"Horne F Junius MBEng","asxvmprobertest@gmail.com","Mayo"
"Horkans Garden Centres","castlebar@horkans.ie","Mayo"
"Horkan Patk J","user.options@12s5i","Cork"
"Horkan Miss Birdgit","studio@midwestradio.ie","Dublin"
"Horizon Roofing","info@horizonroofing.eu","Galway"
"Horizon Half Way House Shop","info@halfwayhousedublin.com","Dublin"
"Horizon Environmental","sodalaigh@horizonenvironmental.ie?subject=Contact from constructionireland.ie","Dublin"
"Horizon Complete Print Solutions n","hi@horizondigitalprint.com","Dublin"
"Horizon Blue Talent Consulting","jdelahunt@horizonbluetc.com","Dublin"
"Horizon","info@teamhorizon.ie","Galway"
"HorganLynch","cork@horganlynch.ie","Cork"
"Horgan’s Delicatessen Supplies","info@horgans.com","Cork"
"Horgan Richard","info@coga.ie","Cork"
"Horgan John","user.options@12s5i","Cork"
"Horgan Gerald","user.options@12s5i","Dublin"
"Horgan Ger","g.horgan@ucc.ie","Cork"
"Horetown House Equestrian Centre","info@horetownhouse.ie","Sligo"
"Horans Wedding Cars","info@horansweddingcars.com","Mayo"
"Horans Promotions","phillipsworkwear@gmail.com","Laois"
"Horans Garage","benhoran@outlook.ie","Wicklow"
"Horans Bar","info@horanspub.ie","Wexford"
"Horans","user.options@12s5i","Offaly"
"Horan T A","carnteel69@aol.com","Mayo"
"Horan Stoneworks","dermothoran@gmail.com","Laois"
"Horan Patrick C & Co","webmaster@ceilsys.webhostingireland.ie?subject=Error message [404] (none) for www.pchoranco.ie/about_us.htm port 443 on Friday, 24-Nov-2023 05:22:24 GMT","Kildare"
"Horan Kieran","shop@peterson.ie","Dublin"
"Horan John & Sons","info@horansolicitors.ie","Galway"
"Horan Estate & Letting Agents"," info@horanestates.ie","Galway"
"Horan Enda Ltd","info@endahoranpharmacy.ie","Sligo"
"Horan Dan","info@endahoranpharmacy.ie","Sligo"
"Horan Bros","customerhelp@independent.ie?body=Independent.ie&amp;subject=Independent.ie","Tipperary"
"Horan Automation and Consulting","sales@horan.ie","Wicklow"
"Hora Builders","info@horaproperty.ie","Louth"
"Hopkins Ms Degora","WSEGrad-Admissions@jhu.edu?subject=Official%20GRE%20Test%20Scores%20Missing%20-%20Please%20include%20your%20GRE%20registration%20number","Dublin"
"Hopkins M & Sons","sales@hopkinstoymaster.com","Wicklow"
"Hopkins Jewellers","shop@hopkinstoymaster.com","Wicklow"
"Hopkins Homevalue","info@mydomain.com","Mayo"
"Hopkins Frank","info@h-c.ie","Cork"
"Hopkins Communications Ltd","info@h-c.ie","Kildare"
"Hopkins Communications","info@h-c.ie","Dublin"
"Hopkins Cabs","info@southdublincrashrepairs.ie","Dublin"
"Hopkins and Lockhart","info@southdublincrashrepairs.ie","Dublin"
"Hopkins & Lockhart Motors Ltd","info@southdublincrashrepairs.ie","Galway"
"Hopkins & Lockhart Crash Repairs","info@southdublincrashrepairs.ie","Dublin"
"Hop Island Equestrian Centre","info@hopisland.com","Dublin"
"Hooton John MFF Ltd","jhooton@mallowfittedfurniture.ie","Dublin"
"Hoot Web Design","fran@hoot.ie","Dublin"
"Hooper Dolan Insurances Ltd","birr@arachas.ie","Waterford"
"Hooper Catering","rh@hoopercatering.com","Wexford"
"Hookway Dr","contact@thesleepconsultant.ie","Galway"
"Hooked","user.options@12s5i","Wexford"
"Hooke & McDonald","info@hmd.ie","Wexford"
"Hook Lighthouse Visitor Centre","info@hookheritage.ie","Dublin"
"Hong Kong House","info@flystar.ie","Dublin"
"Honeystone House","info@crabtreeandcrabtree.com","Wicklow"
"hondalawnmowers.ie","hello@hondaireland.ie","Galway"
"Honda Quads","leehonda@eircom.net","Cork"
"Honan Home","niah@housing.gov.ie?subject=Amendment to Honan Home,  Lover's Walk, BALLINAMOUGHT WEST/MONTENOTTE, Cork, CORK (Reg No: 20863145)","Donegal"
"Homoeopath","clare@claresheehan.ie?subject=Website%20Inquiry","Clare"
"Homezone","user.options@12s5i","Mayo"
"Homeward Bound","info@therustycompass.ie","Louth"
"HomeTech","info@hometech.ie","Dublin"
"Homesurvey","Sam@GetHouseSurvey.ie","Limerick"
"Homestead Lounge","fitzgeralds@live.ie","Dublin"
"Homeseal Insulations","info@completeinsulations.ie","Dublin"
"Homescape Ltd","info@homescape.ie","Donegal"
"HomeRating","justin@homerating.ie","Cork"
"Homeplate","info@thedealer.ie","Donegal"
"Homeopathy Healing","contact@ohohomeopathy.com","Kildare"
"Homeopathy Donegal","mark@homeopath.ie","Dublin"
"HomeNetworks","info@satworld.ie","Dublin"
"Homeless Youth","info@whfiveloaves.com","Wicklow"
"Homeless Girls Society Ltd","marketing.ie@kompass.uk","Wicklow"
"Homefront Guttering","paulgoffhomefront@gmail.com","Carlow"
"Homefront","paulgoffhomefront@gmail.com","Dublin"
"Homefitness","info@homefitness.ie","Dublin"
"homeDNAdirect","info@homednadirect.fr","Dublin"
"HomeCleaning","kate.stawiska@dailypoppins.com","Cork"
"Homecare Together","allison.doggett@homeinstead.ie","Louth"
"HomeCare Technologies","info@homecaremedical.ie","Cavan"
"HomeCare Angels-Ireland","HomeCareAngelsIreland@gmail.com","Cavan"
"Homebuilder – Self Build & Construction Management","ireland@cantor.com","Meath"
"Homebird Design Limited","hello@homebirddesign.ie","Dublin"
"Homebird Design","hello@homebirddesign.ie","Cavan"
"home8security","support@home8alarm.com","Kildare"
"Home8 Security","info@home8security.ie","Meath"
"Home-Saver","warmerhomes@seai.ie","Kerry"
"Home Up Date Ltd","advice@threshold.ie","Wicklow"
"Home Time Care Providers","dublinnorth@bluebirdcare.ie","Dublin"
"Home T Golf Mats","cs@networldsports.com","Dublin"
"Home Sweet Home","homesweethomeirl@gmail.com","Roscommon"
"Home Style DIY Ltd","homestylediyltd@eircom.net","Dublin"
"Home Start (Blanchardstown)","homestartblanchardstown@eircom.net","Dublin"
"Home Services","carolyn.naughton@homeinstead.ie","Galway"
"Home Renovation","office@repairmyhome.ie","Dublin"
"Home Plate","martycorley18@gmail.com","Dublin"
"Home P.C. Repairs","info@techstar.ie","Galway"
"Home Organic Massage","info@healinghandstherapies.ie","Dublin"
"Home Mission Department Methodist Church","office@irishmethodist.org","Dublin"
"Home Mission Department Methodist","office@irishmethodist.org","Galway"
"Home Managers","noreply@indeed.com","Galway"
"Home Luxuries","Info@homeluxuries.ie","Meath"
"Home Kegs Ltd.","hometapsgalway@gmail.com","Galway"
"Home Interiors Ireland","info@islandlaneinteriors.ie","Waterford"
"Home Kegs","contact@partykegs.ie","Dublin"
"Home Interiors","info@bydesign.ie","Dublin"
"Home Instead Senior Care","ecfd85d150d54e4fb18a450d40cff53a@sentry.indeed.com","Dublin"
"Home Instead","Tim.Healy@homeinstead.ie","Kerry"
"Home Improvers","info@homeimprovementsdublin.ie","Dublin"
"Home Improvements Man.","tkiely2013@gmail.com","Wexford"
"Home Improvements Dublin","team@adhomeimprovements.ie","Waterford"
"home hippo","ad6d278f98e347409c82d6e3899597a4@sentry.io","Dublin"
"home heat recovery","sales@homeheatrecovery.com?body=Location%20of%20your%20home%0A%0AMake%20and%20model%20of%20your%20unit%0A%0AAccessibility%2FLocation%20of%20your%20unit%20(i.e.%20in%20attic%2C%20hotpress)%0A%0AAccess%20to%20your%20home%20is%20preferable%20during%20normal%20working%20hours.%20If%20this%20is%20not%20possible%20please%20inform%20us%20of%20out%20of%20hours%20service%20requirement.%0A%0AAre%20you%20Landlord%2C%20home%20owner%2C%20apartment%20block%20etc&subject=hrv%20%20service%20required&cc=homeheatrecovery%40gmail.com","Dublin"
"Home Healthcare Adaptations","hhalimited@gmail.com","Dublin"
"Home Furniture Stores & Baby Bits","orders@jellybeangroup.com","Cork"
"Home Front of DunLaoghaire","info@dlrcoco.ie","Meath"
"Home from Home boarding kennels","Wicklowwaykennels@gmail.com","Wicklow"
"Home From Home After School Care","homefromhomekillarney@gmail.com","Kerry"
"Home Energy Rating Solutions","justin@homerating.ie","Dublin"
"Home Energy Rating Ireland","customerservice@meathcoco.ie","Meath"
"Home Design","angela@conbudesign.com","Dublin"
"Home Decor Centre Ltd","admin@hanleysonline.com","Cork"
"Home Concierge House Cleaning Service","support@homeconcierge.ie","Dublin"
"Home Concierge House Cleaning Cork","support@homeconcierge.ie","Dublin"
"Home Concierge","concierge@mayo.edu","Mayo"
"Home Computer Repairs","info@techstar.ie","Galway"
"Home Computer Ambulance","info@computerambulance.ie","Cork"
"Home Cinema & Satellite Systems – Gerry Heavey","info@heaveyhomecinema.com","Dublin"
"Home Care Signs","info@a1signs.ie","Dublin"
"Home Care Plus – Home Care Dublin","midwest@kareplus.ie","Galway"
"Home Care Plus","midwest@kareplus.ie","Galway"
"Home Brew West","sales@homebrewwest.com","Louth"
"Home Barties","res@butler.ie","Kilkenny"
"Home Bakery Ltd","sales@homebaking.ie","Dublin"
"Home Bake Cakes","bakedcitywest@gmail.com","Dublin"
"Home Again","info@homeagain.ie","Dublin"
"Home Accessories Online","%69n%66%6f%40pre%74tyl%69t%74l%65ho%6de%77ar%65s.com","Wicklow"
"Home & Overseas Ltd","your.name@provider.com","Dublin"
"Home & Office Cleaning Supplies","pat@wicklowsupplies.ie","Wicklow"
"Homans Cappucino Bar","Cappuccinobar@eircom.net","Dublin"
"Homan Elizabeth MIHCA","mediacomm@baylor.edu","Waterford"
"Holycross College","emeade@holycross.edu","Cork"
"Holy Trinity National School","office@holytrinity.ie","Dublin"
"Holy Stone Publications","scoped-custom-element-registry@0.0.3.min.js","Galway"
"Holy Rosary/Bethlehem Primary School","secretary@holyrosaryschool.ie","Mayo"
"Holy Rosary College","info@hrc.ie","Carlow"
"Holy Family School Killeen","killeenns2@gmail.com","Galway"
"Holy Family School (Boys)","dunedin@iol.ie","Louth"
"Holy Family Church","admin@holyfamilyparish.ie","Meath"
"Holton Wm","kathyshouse@tampabay.rr.com","Kildare"
"Holton Thomas","56f5f1f845634f1d867501809aa8082b@sentry.io","Wicklow"
"Holt E & Sons","edholtjoinery@gmail.com","Wicklow"
"Holstphoto","viv@holstphoto.com","Wexford"
"Holowcreek Airsoft","info@hobbyairsoft.ie","Laois"
"Holos Skincare from Nature","customerservice@holos.ie","Kilkenny"
"Holohan Patrick M & Co","info@holohanmartialarts.com","Kilkenny"
"Holmlea House","info@irishthatchedcottage.com","Donegal"
"Holmes Veterinary","info@holmesveterinary.com","Westmeath"
"Holmes Transport Co (Castlefinn) Ltd","info@rholmestransportltd.com","Wicklow"
"Holmes Removals & Storage","holmes.removals.storage@gmail.com","Mayo"
"Holmes Insulation Ltd","homesinsulation@yahoo.ie?subject=Contact from constructionireland.ie","Mayo"
"Holmes Insulation","homesinsulation@yahoo.ie?subject=Contact from constructionireland.ie","Mayo"
"Holmes Eamonn Mr","user.options@12s5i","Kerry"
"Holmes Dr Mark","whitethornsmc@eircom.net","Limerick"
"Holmes Dr John Kenneth","reception@brandonmedicalcentre.ie","Tipperary"
"Holman Lee Modelling Agency","658ba2886a9642c2b8c035add5a02b63@sentry.indeed.com","Dublin"
"Hollywood Tree Surgeon","info@goodfellers.ie","Kildare"
"Hollywood National School","hollywoodnatschool@gmail.com","Wicklow"
"Hollywood Nails","customer.care@treatwell.ie","Kildare"
"Hollywood Lakes Golf Club","gm@hollywoodlakesgolfclub.com","Dublin"
"Hollywood Jive Dance Fitness","info@hollywoodjive.ie","Dublin"
"Hollywood Inn The","info@thehollywoodinn.ie","Dublin"
"Hollywood Hendra Developments","info@hollywoodhendradevelopments.com","Offaly"
"Hollywood Hair","customer.care@treatwell.ie","Louth"
"Hollystown Golf Club","info@hollystown.com","Dublin"
"Hollygrove Kennels","hollygrovekennels@hotmail.com","Dublin"
"Hollyfort Services","info@hollyfort.ie","Wicklow"
"Hollybrook Motors Ltd","paulduffy@live.ie","Galway"
"Hollybarn Dog Training, Mayo, Galway, Roscommon, Sligo & Dub","micah@micahrich.com",""
"Hollybarn Dog and Puppy Training Dublin","micah@micahrich.com","Mayo"
"Hollybarn Dog and Puppy Training","micah@micahrich.com","Roscommon"
"Hollybarn Dog & Puppy Training Ireland","trainingdogs@gmail.com","Wicklow"
"Holly Tree The","trees@treecouncil.ie?subject=Website Enquiry","Dublin"
"Holly Farm Painting Holidays","solas@thegardenshop.ie","Laois"
"Holly Bush Bar","user.options@12s5i","Dublin"
"Hollow Bar The","info@thehollow.ie?subject=?","Kildare"
"Hollis","enquiries@hollisglobal.com","Dublin"
"Hollinshead Gary Sign Writing & Stained Glass","manifestations@outlook.ie","Monaghan"
"Hollingsworth Cycles Templeogue","info@hollingsworthcycles.ie","Dublin"
"Hollingsworth Cycles","info@hollingsworthcycles.ie","Wicklow"
"Hollinger King","97b505e76b574daca88fbdb6cc3054c9@o57980.ingest.sentry.io","Cork"
"Hollies Bouncing Castles","info@bouncycastlescork.ie","Cork"
"Hollands.ie Wood Flooring Ireland","dylanholland@hollands.ie","Cork"
"Hollands Wooden Floors","dylanholland@hollands.ie","Cork"
"Hollands Wood Flooring","dylanholland@hollands.ie","Cork"
"Hollands Headstones","Just007@live.ie","Wicklow"
"Hollands Flooring","dylanholland@hollands.ie","Leitrim"
"Holland Tyres","michaelholland@michaelholland.ie","Roscommon"
"Holland Leo","localenterprise@limerick.ie","Limerick"
"Holland Frank","customerhelp@independent.ie?body=Independent.ie&amp;subject=Independent.ie","Wicklow"
"Holland Dr Geraldine","prescription@carlton-clinic.ie","Wicklow"
"Holland Condon Solicitors","post@hollandcondon.com","Kilkenny"
"Holland & Barrett","john.smith@domain.com","Dublin"
"Holistic Treatments","mshaeg694@stkate.edu?subject=Planned%20Giving%20Inquiry","Dublin"
"Holistic Transformations","Aideen.ohora@seai.ie","Louth"
"Holistic Therapy Dublin","info@holistichandsdublin.com?","Dublin"
"Holistic Therapy","jsmith@mail.com","Dublin"
"HOLISTIC THERAPIES IRELAND","info@susanholistictherapist.ie","Dublin"
"Holistic Sports Therapy","info@anmt.ie","Meath"
"Holistic Nights In","info@academyforpros.com","Dublin"
"Holistic Meadow","climatechange@sdublincoco.ie","Dublin"
"Holistic Massage Therapist","info@whatclinic.com","Kerry"
"Holistic Health Therapies","info@susanholistictherapist.ie","Dublin"
"Holistic Health","wicklowholisticcentre@gmail.com","Wicklow"
"Holistic Healing Centre","marion1bienert@hotmail.com","Dublin"
"Holistic Healing","jiordana@themindfullclinic.com","Down"
"Holistic Haven Drumcondra","holistichavendrumcondra@gmail.com","Dublin"
"Holistic Haven","holistichealinghaven1@gmail.com","Galway"
"Holistic Dublin","therapist@complementary-therapists.com","Clare"
"Holiday Homes Direct","customer.service@holidayhomesdirect.ie","Clare"
"Holiday Home on Farnham Estate","info@farnhamestate.ie","Dublin"
"Holiday Asia Massage & Beauty","holidaasia123@gmail.com","Waterford"
"Holiday Accommodation Ireland","info@tridentholidayhomes.ie","Galway"
"Holgate Fencing Ire Ltd","info@pitchbook.com","Cork"
"Holen Holisticenergy","asxvmprobertest@gmail.com","Dublin"
"Hole-in-the-Wall Tavern","theholeinthewallpubenniscorthy@gmail.com","Kerry"
"Holden Seamless Aluminium Gutters Co. Ltd","info@holdenbrothers.ie","Kerry"
"Holden Leathergoods","info@holdenleathergoods.com","Cork"
"Holden Leather Goods","info@holdenleathergoods.com","Cork"
"Holden Installations Ltd","estimating@holden.ie","Cork"
"Holden Helen","godonovan@ozanamhall.org","Kilkenny"
"Holden Aluminium Seamless Gutters","info@holdenbrothers.ie","Louth"
"Holdcroft Brothers Garden Sheds","info@holdcroftgardensheds.ie","Louth"
"Holdcroft Bros.","info@holdcroftgardensheds.ie","Dublin"
"HOK Residential","services@irishtimes.com","Cork"
"Hogs Heaven","hogsheavencastlebar@gmail.com","Carlow"
"Hogs ‘R’ Us","hogsrus@eircom.net","Cork"
"Hogans Restaurant Bar","douglas@dngosullivanhurley.com","Clare"
"Hogans Locksmiths","gerhogan4@gmail.com","Dublin"
"Hogans Clean Energy","info@comfortsolutions.ie","Mayo"
"Hogans Bar Cafe","content@trip.com","Tipperary"
"Hogan Sean Trailers","sales@westwwodtrailers.com?subject=Web Enquiry","Kilkenny"
"Hogan Print","sales@hoganprint.com","Offaly"
"Hogan Patk","sarah@clareppn.ie","Clare"
"Hogan Pat","user.options@12s5i","Tipperary"
"Hogan Noel & Ursula","user.options@12s5i","Tipperary"
"Hogan Motor Cycles","hoganmotorcycles@yahoo.ie","Tipperary"
"Hogan Michael","info@hoganandassociates.ie","Dublin"
"Hogan John Furniture Makers","johnhoganruan@eircom.net","Limerick"
"Hogan J W & Associates","info@hoganandassociates.ie","Tipperary"
"Hogan Interiors","info@hoganinteriors.ie","Limerick"
"Hogan Carole Associates","info@carolehogan.com","Dublin"
"hogan brothers","dan@hogans3.org","Cork"
"Hogan Brian Architects","info@bha.ie","Dublin"
"Hogan & Associates","info@hoganandassociates.ie","Dublin"
"Hog roast Machine (Ireland)","sales@spitting-pig.ie","Limerick"
"Hog Roast Caterer (Ireland)","info@rotarypig.ie","Donegal"
"Hofler Architects","rharchitects@eircom.net?subject=Contact from constructionireland.ie","Dublin"
"Hoey’s Fuel","206df95c7776439394eec2a0af96246d@sentry-elb-0d7b6d66dd37f8c95f2648137756ec.aphixsoftware.com","Louth"
"Hoey’s Class Joinery","RiochtDesign@gmail.com","Louth"
"Hoey Dr James","lucanorthodontics@live.com","Westmeath"
"Hodson Bay Boat & Watersports Equipment","info@baysports.ie","Galway"
"Hodgins Charles","support@findagrave.com?subject=Account Locked","Offaly"
"Hoctor Refrigeration Services","info@hoctorrefrigeration.com","Tipperary"
"Hoctor Annette","info@bnitullamore.com","Offaly"
"Hock James","shop@berneys.ie","Kildare"
"Hobbit’s Antiques","info@mayoantiques.com","Mayo"
"Hobarts","info@hobartenterprisescharitytrust.com","Mayo"
"Hobans Top Oil Service Station Westport","info@top.ie","Mayo"
"Hobans Pub","Info@mjHobans.ie","Limerick"
"Hoban’s Taxi Service","feedback+unavailable@yelp.com","Kerry"
"Hoban Martin Kingdom Restaurants","customerhelp@independent.ie?body=Independent.ie&amp;subject=Independent.ie","Dublin"
"Hoban & Son Transport","padraichobantransport@hotmail.com","Laois"
"Hoares Service Station Ltd","webleads@howdeninsurance.ie","Sligo"
"Hoare Harry","-4-ans_frontend-relay-lib-@nivo-bar-27-9259e8fe3c648586.webpack","Down"
"HMV Uk Ltd","user.options@12s5i","Dublin"
"HMV","user.options@12s5i","Cork"
"HLB Nathans","info@hlbsq.ie","Dublin"
"HKD","customer.service@harrods.com","Waterford"
"HK Repairs","hkrepairs@eircom.net","Dublin"
"HK Financial","fintech@hkma.gov.hk","Dublin"
"HK Company Formation","sales@kpc-hk.com","Cork"
"HJR Wines","pwalsh@wicklowwaywines.ie","Wicklow"
"HJ Nolan Ltd","info@nolanseafoods.com","Dublin"
"Hj Byrne","info@hjbyrne.com","Donegal"
"Hive Cloud ERP","Sales@redfaire.com","Limerick"
"Hiudis Bar","Hibbarcork@gmail.com","Cork"
"HiTv Satellite & Aerial Installations","hitvsatellite@gmail.com","Kildare"
"Hitchmough Riding School","8c4075d5481d476e945486754f783364@sentry.io","Dublin"
"Hitbroadcasting","customerhelp@independent.ie?body=Independent.ie&amp;subject=Independent.ie","Wicklow"
"Hitachi Europe","rebecca.bleasdale@hitachienergy.com","Waterford"
"Hisun Technologies","info@hisun.ie","Dublin"
"Historical Harp Society of Ireland","info@irishharp.org","Westmeath"
"Hissy Fit Ltd","maeve@hissyfit.ie","Limerick"
"His n’ Hers","riness2023@gmail.com","Wexford"
"His & Hers Hair Salon","riness2023@gmail.com","Offaly"
"His & Hers","info@donegalhistory.ie","Donegal"
"His ‘n’ Hers","sales@alamy.com","Donegal"
"Hireco Trailer Services Ltd","hire@hireco.ie","Wicklow"
"Hireco Trailer Rentals","hire@hireco.ie","Meath"
"hireandlawnmower ie","hiredesk@hirehere.ie","Dublin"
"Hire Here Ltd.","hiredesk@hirehere.ie","Dublin"
"Hire Fitness Ireland","sales@hire-fitness.ie","Dublin"
"Hire Depot","info@hiredepot.ie","Dublin"
"Hire All Party Hire","fun@partywizz.com","Kerry"
"Hire All","service@allhireltd.com","Limerick"
"Hire & Hardware","hire@wicklowhire.ie","Wicklow"
"Hiravan Ltd","info@hiravan.ie","Meath"
"Hipwell Heating & Plumbing","info@wicklowchamber.ie","Cork"
"Hippo Fun","marketing@rea.ie","Westmeath"
"Hippie By Nature","info@hippie-by-nature.com","Laois"
"HiPerformance","liam@hiperformance.ie","Cork"
"HipBaby.ie"," sonya@hipbaby.ie","Cork"
"Hinch Plant Hire Ltd","info@hinch.ie","Laois"
"Hinch Pat","info@hinchys.ie","Limerick"
"Hinch Joinery Works","hinchwindows@gmail.com",""
"Himalayas on Foot","himalayasonfoot@gmail.com","Meath"
"Himalayan Travels","info@yogacorkireland.com","Cork"
"Himalayan Crafts Ltd","admin@thc.ie","Wicklow"
"Hilzhandbagz","asxvmprobertest@gmail.com","Galway"
"Hiltons Late Night Pharmacy","info@yourpharmacy.com","Dublin"
"Hilton Holian Personal Training","livingwell.dublinkilmainham@hilton.com","Dublin"
"Hilton Garden Inn Dublin Custom House","DUBCH_GM@hilton.com","Dublin"
"Hilton Dublin Airport","dublinairport_info@hilton.com","Dublin"
"Hilton Dublin","reservations.dublin@hilton.com","Cork"
"Hillwalkers","aonacharsiul@gmail.com","Tipperary"
"Hillwalk Tours","info@hillwalktours.com","Galway"
"Hillview Taxi Service","feedback+unavailable@yelp.com","Waterford"
"Hillview Sports Centre","hillviewsupervisor@gmail.com","Cavan"
"Hillview Riding School","Hillviewstables.sunnyside@gmail.com","Wexford"
"Hillview Motors","PiperJ@hillviewmotors.com","Wicklow"
"Hillview Landscape Design","eooneill749@gmail.com?subject=Contact from constructionireland.ie","Westmeath"
"Hillview Early Learning Preschool","ehogan48@yahoo.com","Carlow"
"Hilltown Stud","info@mckevittking.ie?subject=Enquiry%20from%20mckevittking.ie","Carlow"
"Hilltop Farm B&B","hilltopkilkee@gmail.com","Clare"
"Hilltop B&B","Maireadraymond@gmail.com","Kildare"
"Hillstart School of Motoring","info@drivinglessonscavan.ie","Cavan"
"Hillside Tavern","info@hillside-lodge.com","Galway"
"Hillside Organic Meats","info@wickloworganic.com","Wicklow"
"Hillside Nursing Home","info@hiqa.ie","Wicklow"
"Hillside Ironworks","info@hillsideironworks.ie","Wicklow"
"Hills Kilcoole","user.options@12s5i","Dublin"
"Hills Hire Service Ltd","hillshire@gmail.com","Dublin"
"Hills Garage","admin@keenanbauer.com","Westmeath"
"Hills Embroidery & Promotional Services","Clothing@Spec.Sign","Limerick"
"Hillhouse Stores","info@sfreilly.ie","Kildare"
"Hillgrove Refrigerated Van Rental Ltd","info@hillgrove.ie","Dublin"
"Hillery Cathriona","eComplyandVerify@accenture.com?trk=public_post_main-feed-card_reshare-text","Dublin"
"Hillebrand J F","3206479cac1647c5806f9bd73b0c506b@sentry2.panjiva.com","Tipperary"
"Hillcrest Riding Centre","hillcrestequestrian57@gmail.com","Galway"
"Hillcrest Plasterer’s","craft.plastering@gmail.com","Meath"
"Hillcrest Nursing Home","anne@hillcrestnursinghome.ie","Donegal"
"Hillcrest Nurseries & Garden Centre","hillcrestnursery@aol.com","Dublin"
"Hillcrest House","phibsboro@dng.ie","Dublin"
"Hillcrest Agencies Ltd","info@shaneblackproperty.ie","Louth"
"Hillbrook Electrical Services","info@hillbrookelectrical.ie","Louth"
"Hillarys Blinds","shape__bottomlhs-corner--dots@2x.webp","Wicklow"
"Hill’s Garages (Greystones) Ltd","hillsgarages@gmail.com","Wexford"
"Hill’s Country Garden Centre","hillscountrygc@yahoo.ie","Cork"
"Hill Side Bar","agirlsguidetodrinkingalone@gmail.com","Wicklow"
"Hill Opel","reservations@beech-hill.com","Derry"
"Hill House","niah@housing.gov.ie?subject=Amendment to Hill House,  Tipper Road, NAAS EAST, Naas, KILDARE (Reg No: 11814102)","Kildare"
"Hill Electrical","feedback+unavailable@yelp.com","Clare"
"Hill Brook Farm B&B","hillbrookfarm@eircom.net","Westmeath"
"Hill Brook Farm","hillbrookfarm@eircom.net","Antrim"
"Hill 16 Bar","tomhill16@eircom.net","Dublin"
"Hilda’s Hats","overthehildablog@gmail.com","Laois"
"Hilda Pratt t/a Laois Accountants","hilda@laoisaccountants.ie","Dublin"
"Hilda O’Connor Interiors","customerhelp@independent.ie?body=Independent.ie&amp;subject=Independent.ie","Dublin"
"Hilarys Nails/Beauty Bar"," hillarysayshi@gmail.com?subject=Book%20an%20appointment","Wicklow"
"Highway Transport Ltd.","marketing.ie@kompass.uk","Wicklow"
"Highway Safety Developments Ltd","sales@hsd.ie","Waterford"
"Highway Camper Hire","johndoe@gmail.com","Down"
"HighTower Painting Products Ltd","info@hightowerpainting.com","Dublin"
"Highline Office Technology","sales@highline.ie","Louth"
"Highlights Unisex Salon","Mfhairdressing@icloud.com","Donegal"
"Highlanes Gallery","info@highlanes.ie","Cork"
"Highland Radio","enquiries@highlandradio.com","Donegal"
"Highland pet sitting services","donegalpetsitters@gmail.com","Donegal"
"Highland Bakery","info@highlandbakery.ie","Dublin"
"Highfielder Bar","info@highfieldgolf.ie","Kildare"
"Highfield Hospital","info@highfieldhealthcare.ie","Dublin"
"Highfield Golf Course","info@highfieldgolf.ie","Cork"
"Higher Education Authority","info@hea.ie","Cork"
"Highcare Childcare","info@highcarechildcare.com","Kilkenny"
"Highbank Organic Apple Juice","sales@highbank.ie","Kerry"
"High-Tech Machinery Ltd","info@high-tech.ie","Dublin"
"High Tower Tree Services","serviceswicklow@gmail.com","Wicklow"
"High Tec Electrical","multiselect-dll@4.1.2-3","Cork"
"High Street National School","highstreetns@gmail.com","Laois"
"High Street Books","sales@highstreetbooks.ie","Cork"
"High Spec Taping & Joinery","branwenmusic@gmail.com","Donegal"
"High Road Cabs","liammurphy700@gmail.com","Dublin"
"High Rise Window Cleaning Specialist","info@nolansgroup.ie","Dublin"
"High Resolution Lighting Ltd","enquiries@highreslighting.com","Dublin"
"High Q","investorrelations@kerry.ie","Kerry"
"High Profile Storage","waterford@ustoreit.ie","Waterford"
"High Precision Motor Products Ltd","info@hpmp.ie","Carlow"
"HIGH PRECISION CARPENTRY AND JOINERY","info@highprecisioncarpentry.ie","Kildare"
"High Performances Nutrition"," training@highperformance.ie","Dublin"
"High Performance Sports Supplies","sales@sportirelandcampus.ie","Dublin"
"High Performance Roofing Ltd","info@hproofing.ie","Dublin"
"High Performance Roofing","info@weatherseam.ie","Cork"
"High Performance"," training@highperformance.ie","Dublin"
"High Maintenance Nails & Beautty","lindaodonoghue95@yahoo.ie","Dublin"
"High Glamour, Hair and Beauty","high_glamour@live.ie","Offaly"
"High Chaparall The","whatsoninbelmullet@gmail.com","Dublin"
"Higgins Waste & Recycling Ltd","info@higginswaste.ie","Cork"
"Higgins Paul","info@higginswindows.ie","Galway"
"Higgins Oliver","info@ohce.ie","Galway"
"Higgins Motorpark","info@jammer.ie","Kildare"
"Higgins Kenneth Carpentry & Roofing Service","higgins088@gmail.com?subject=Contact from constructionireland.ie","Cork"
"Higgins Joe Car Sales Ltd","feedback+unavailable@yelp.com","Kildare"
"Higgins Garage, Athenry","higginsgarage.athenry@outlook.com","Kildare"
"Higgins Furniture Hire Ltd","hire@higgins.ie","Galway"
"Higgins Basil","sales@higginscatering.com","Cork"
"Higgins Aubrey Mary & John","studio@midwestradio.ie","Mayo"
"Higgins & Co Ltd","sales@higginscatering.com","Dublin"
"Higginbotham Joinery","info@higginbotham.ie","Dublin"
"Higginbotham Furniture","info@higginbotham.ie","Dublin"
"HigenX Monitoring Technology","info@higenx.com","Tipperary"
"HifiHut","sales@hifihut.ie","Dublin"
"Hideout The","TheHideoutDonegal@gmail.com","Donegal"
"Hiden Hearing","info@hiddenhearing.ie?subject=Contact Hidden Hearing","Wicklow"
"Hide Bar The","info@hydebargalway.ie","Galway"
"Hidden Hearing Galway","info@hiddenhearing.ie?subject=Contact Hidden Hearing","Dublin"
"Hidden Hearing Dublin 1","info@hiddenhearing.ie?subject=Contact Hidden Hearing","Dublin"
"Hidden Hearing – Hearing test Dublin","info@hiddenhearing.ie?subject=Contact Hidden Hearing","Dublin"
"Hidden Hearing – Hearing Aids Ireland","info@hiddenhearing.ie?subject=Contact Hidden Hearing","Galway"
"Hidden Dublin Tours and Walks","bookings@hiddendublintours.com","Dublin"
"Hidden Depths","info@lismoreheritage.ie","Kildare"
"Hidden Depth","hello@hd.ie","Dublin"
"Hidbin","hello@hidbin.ie?subject=A HomeWise.ie Referral","Tipperary"
"Hicks of Dun Laoghaire","dunlaoghairefoodco@gmail.com","Dublin"
"Hickie Tony Architects","ajmprojectplan@gmail.com","Kildare"
"Hickeys Quality Meats","hickeymeats@gmail.com","Cork"
"Hickeys Headstones","jim@hickeyheadstones.com","Dublin"
"Hickeys Fireplace & Stove Centre","info@hickeysfireplaces.ie","Tipperary"
"Hickeys Bridal Dress & Fabric Shop","hf-sales@homefocus.ie","Tipperary"
"Hickeys Bar","tomandcatohici@yahoo.ie","Tipperary"
"Hickeys Bakery & Nuala’s Cafe","info@hickeysbakery.com","Cork"
"Hickeys Bakery","info@hickeysbakery.com","Louth"
"Hickeys","info@hickeys.ie","Cork"
"Hickey’s Pharmacies","info@castlewestcork.ie","Cork"
"Hickey’s Headstones","info@hickeysheadstonesovens.com","Limerick"
"Hickey’s Granite","info@hickeystoneworks.com","Westmeath"
"Hickey’s Fireplaces","info@hickeysfireplaces.ie","Tipperary"
"Hickey’s Bandon","bredahickey49@gmail.com","Kildare"
"Hickey Wm","info@hickeystoneworks.com","Cork"
"Hickey Pat (Auctioneering) Ltd","marketing.ie@kompass.uk","Dublin"
"Hickey John & Son","johnhickey65@hotmail.com","Kilkenny"
"Hickey Financial Services","larry@hcfs.ie","Dublin"
"Hickey Engineering","info@hda.ie","Kerry"
"Hickey Dr Robert","info@brooklandshealthcare.ie","Longford"
"Hickey Donagh Motors","sales@donaghhickeymotors.com","Cork"
"Hickey Design & Associates","info@hda.ie","Kerry"
"Hickey Communications Ltd","info@hickeycomms.ie","Kerry"
"Hickey Cleaning Services","info@cleaningsolutions.ie","Cork"
"Hickey Catherine Dip Couns & Psychotherapy","kaybrwn@gmail.com","Clare"
"Hickey Aidan","dpscwebsite@gmail.com","Dublin"
"Hickey & O’Connor","hickeyandoconnor@gmail.com","Dublin"
"Hick, Mrs","chicks@aracoeli.com.","Louth"
"Hibernian Healthcare","info@hibernianhealth.com","Dublin"
"Hibernian Health","info@hibernianhealth.com","Wicklow"
"Hibernian Hampers","info@leonidas-delices.com","Limerick"
"Hibernian Business Equipment Ltd","sales@hbe.ie","Dublin"
"Hibernian Bar","dsaville@kilkennyhibernianhotel.ie?subject=?","Dublin"
"Hibernian Auctioners Ltd.","info@hibernianaucts.ie","Dublin"
"Hibernian Auctioneers","info@hibernianaucts.ie","Dublin"
"Hiberco Security Solutions","info@hiberniansecuritysolutions.ie","Dublin"
"Hi-Way Cafe","info@howardsway.ie?subject=?","Dublin"
"HI-TECH Window Systems","sales@hitechwindows.net","Cork"
"Hi-Tec Computing Ltd","admin@hitechtraining.ie","Dublin"
"Hi-Speed Drains","info@meathdrains.com","Meath"
"Hi-Spec Engineering Ltd","info@hispec.net","Dublin"
"Hi-Spec","info@meathfarmmachinery.com","Meath"
"Hi-Power","sales@hipower.ie","Dublin"
"Hi Way Oil (Galway) Ltd","info@klassoil.ie","Wicklow"
"Hi Therm uPVC Products Ltd","info@horizonwindows.ie","Dublin"
"Hi Advertising","dpo@tourismireland.com?subject=Remove Data from ireland.com","Offaly"
"HGH Drainz","info@draincleanmayo.ie","Mayo"
"Heywood Community School","info@heywood.ie","Dublin"
"Heydal Ireland Limited","info@heydal.com","Dublin"
"Hey U Barber Shop","himbarbershop@outlook.ie","Dublin"
"Heverin Photography","info@heverinweddingmedia.com","Wicklow"
"Hetherton Paraic","info.cw@setu.ie","Carlow"
"Heston John","oreganathenry@gmail.com","Galway"
"Hession Jonathan","jonathanhession@gmail.com","Limerick"
"Heslin Ryan & Co","info@heslinryan.com","Tipperary"
"Heslin Matt & Company","info@xrs.ie?Subject=Enquiry","Dublin"
"Heskin Limestone","info@hri.ie","Dublin"
"Hertz Rent A Car","cork@hertz.ie","Mayo"
"Herterich & Sons Ltd","info@herterichartisanmeats.ie","Dublin"
"Hertel Integrated Services","info@midl.ie","Monaghan"
"Herrmann Burkhard","robert@broofa.com","Cork"
"Herrick Electrical","info@herrick.ie","Dublin"
"Herohounds Dog Minding and Boarding S","littlelodgers@hotmail.com","Offaly"
"Heroes","hello@hero.ie","Galway"
"Hernon Ms Julianne","drdeclanaherne1@gmail.com","Dublin"
"Hermitage Veterinary Clinic","lucan@myvet.ie","Dublin"
"Hermitage Motors","info@hermitageauto.ie","Kerry"
"Hermitage Medical Clinic","mshore@hermitageclinic.ie","Dublin"
"Hermitage Golf Club","efarrell@hermitagegolf.ie","Dublin"
"Hermitage Clinic","mshore@hermitageclinic.ie","Dublin"
"Hermans Continental Coffee Shop","hello@thecoffeeshopwicklow.com","Wicklow"
"Herman’s Hairdressing","Hermansdundrum@gmail.com","Kerry"
"Herman Motor Services","james@hermanmotor.com","Cork"
"Herman & Wilkinson Auction Rooms","info@hermanwilkinson.ie","Dublin"
"Herlihy Stephen","stephenoherlihy@hotmail.com","Dublin"
"Herlihy Auctioners","info@herlihy.ie","Meath"
"Heritage Wedding Cars","office@weddingsonline.ie","Wicklow"
"Heritage Tile Centre","theheritagetilingco@gmail.com","Kerry"
"Heritage Moulding Ltd","customerservice@meathcoco.ie","Meath"
"Heritage Life and Pensions","info@waterfordchamber.ie","Waterford"
"Heritage Kitchens","trisha@heritagekitchens.ie","Cork"
"Heritage Irish Crystal Ltd","sales@annmarie.com","Dublin"
"Heritage Hampers Ltd.","corporate@hampers.com","Louth"
"Heritage Cottage","swisscottage@opw.ie","Cork"
"Heritage Bathrooms","enquire@heritagebathrooms.com","Dublin"
"Here’s Health Foodstore","info@hereshealth.ie","Dublin"
"Herbst Software","sales@herbst.ie","Kilkenny"
"Herbs Solutions By Nature","jr@brayclinic.ie","Wicklow"
"Herbs & Healing","info@whatclinic.com","Wicklow"
"Herbies Alterations","customerservices@limerick.ie","Limerick"
"Herbie Alterations","customerservices@limerick.ie","Limerick"
"Herbertstown National School","herbertstownns@gmail.com","Donegal"
"Herbert’s","j.herbert@cs.ucc.ie","Cork"
"Herbert Hilary Photography LIPPA LSWPP","hilary@hilaryherbert.com","Dublin"
"Herbalwise","info@herbalwise.ie","Louth"
"Herbalife Independent Distributors","GoHerbalifeSupport@herbalife.com","Wicklow"
"Herbalife","GoHerbalifeSupport@herbalife.com","Mayo"
"Herbal Wealth","jr@brayclinic.ie","Wicklow"
"Herbal Life Independant Distributors","michelleocallaghan222@hotmail.com","Cork"
"Herbal Life","hlife@herbamobile.com","Kildare"
"Herbal Health Care International","admissions.sligo@atu.ie","Sligo"
"Herb Shop The","hello@thehabitstore.ie","Mayo"
"Heraldiccraft","email@newsletter.com","Limerick"
"Herald & Devoy","heraldanddevoy@osprey.ie","Cork"
"Hepburn Hair Salon","laurie@headdsup.ie","Galway"
"Hensey Glan-Uisce Teo","feedback+unavailable@yelp.com","Mayo"
"Henrys Nurseries","8c4075d5481d476e945486754f783364@sentry.io","Mayo"
"Henry’s Tackle Shop","%68%65%6e%72%79@%68%65%6e%72%79%73%74%61%63%6b%6c%65%73%68%6f%70.%63%6f%6d","Clare"
"Henry Street Vets","henryst@rockhallveterinary.ie","Cork"
"Henry Street Garage","limerick.henrystreet@q-park.ie","Limerick"
"Henry Rankin Funeral Director","info@henryrankinfuneraldirectors.ie","Laois"
"Henry O’Grady","gerfox@foxplanthire.ie","Dublin"
"Henry Michael","info@clare.fm","Clare"
"Henry J Wynne & Co Solicitors","info@hjwynne.ie","Roscommon"
"Henry Golf Tours Ireland","info@henrygolf.com","Donegal"
"Henry Gilbert","97b505e76b574daca88fbdb6cc3054c9@o57980.ingest.sentry.io","Cork"
"Henry Francis","97b505e76b574daca88fbdb6cc3054c9@o57980.ingest.sentry.io","Cork"
"Henry Ford Tavern The","sales@alamy.com","Dublin"
"Henry Ella","customerhelp@independent.ie?body=Independent.ie&amp;subject=Independent.ie","Sligo"
"Henry Dr","customerhelp@independent.ie?body=Independent.ie&amp;subject=Independent.ie","Kerry"
"Henry De Courcy Dodd","97b505e76b574daca88fbdb6cc3054c9@o57980.ingest.sentry.io","Wicklow"
"Henry Black Funeral Directors","henryblack@eircom.net","Cork"
"Henry & Rose","info@henrylyons.ie","Sligo"
"HenPartySligo","bookings@henpartysligo.ie","Louth"
"Henparty.ie","askclaire@henparty.ie","Galway"
"Hennigan’s Heritage Centre","googledesign@2x.jpeg","Wicklow"
"Hennigan Aisling","customerhelp@independent.ie?body=Independent.ie&amp;subject=Independent.ie","Wexford"
"Hennessys T & Co","hennessyhardware@gmail.com","Wicklow"
"Hennessys Refrig & Air-Conditioning","hennessy.airconditioning@gmail.com","Kilkenny"
"Hennessy’s Garden Centre","admin@hanleysonline.com","Cork"
"Hennessy Transport Ltd","info@hennessytransport.ie","Westmeath"
"Hennessy PJ & Marese","feedback+unavailable@yelp.com","Carlow"
"Hennessy Pierce Lic.Ac.Dip.Nanjing","piercehennessy@gmail.com","Dublin"
"Hennessy Patk","john@jhphoto.ie","Cork"
"Hennessy P & Co Ltd","info@hennessyengineering.com","Tipperary"
"Hennessy Mr David","dhennessymds@gmail.com","Waterford"
"Hennessy Metals","info@hennesseymetals.ie","Clare"
"Hennessy Maurice","dia@iarc.ie","Cork"
"Hennessy Marble","info@hennessyandbyrne.com","Limerick"
"Hennessy Kinsella Auditors & Accountants","siobhan@hennessykinsella.ie","Wexford"
"Hennessy Joinery Ltd","info@cruttjoinery.com","Limerick"
"Hennessy John","john@jhphoto.ie","Tipperary"
"Hennessy Jas & Co Ltd","inquiry1@bloomberg.net","Cork"
"Hennessy Hair & Beauty Ltd","info@hennessyhb.ie?subject=Website enquiry","Cork"
"Hennessy Glass","news@Longfordlive.ie","Longford"
"Hennessy Ger Hair Studio","gerhennessyhairstudio@gmail.com","Tipperary"
"Hennessy Fitted Furniture","gerhennessy1@gmail.com","Kerry"
"Hennessy Engineering","info@hennessyengineering.com","Dublin"
"Hennessy Butchers","Clonmoremeats@gmail.com","Carlow"
"Hennessy Air Conditioning and Refrigeration","hennessy.airconditioning@gmail.com","Wexford"
"Hennessey Maxol Direct","customerhelp@independent.ie?body=Independent.ie&amp;subject=Independent.ie","Galway"
"Hennellys Bar","feedback+unavailable@yelp.com","Galway"
"Hennelly Financial Services Ltd","info@hennellyfinance.ie","Waterford"
"Hennelly Finance","info@hennellyfinance.ie","Galway"
"Henley Forklift Group Ltd","proche@henley.ie","Mayo"
"Henehans Bar & Beer Garden","info@mjhenehan.com","Tipperary"
"Heneghan Vincent & Sons Ltd","...@sehgmbh.bi.eunet.de","Galway"
"Heneghan Thos G","studio@midwestradio.ie","Mayo"
"Heneghan & Associates Solicitors","ann@heneghansolicitors.ie","Mayo"
"Hendy R & Co","info@rhendy.ie","Dublin"
"Hendersons Snooker & Amusements","historicalpicturearchive@gmail.com","Kilkenny"
"Hendersons Hair Salon","lukeparsonshairsalon@gmail.com","Kilkenny"
"Hendersons","info@hendersonmotorservices.ie","Cork"
"Henderson’s","test@test.com","Dublin"
"Henderson P.C. Ireland Ltd","sales@pchenderson.com","Dublin"
"Henderson P.C Ireland Ltd","sales@pchenderson.com","Donegal"
"Henderson James & Son","sales@hendersonshardware.com","Galway"
"Henderson G. Oil Burner Service","feedback+unavailable@yelp.com","Dublin"
"Henderson Fire & Safety Ltd","jonathanhfsltd@gmail.com","Dublin"
"Henderick Transport","sales@hendrickeuropean.ie","Dublin"
"Henchy John & Sons Ltd","henchyscork@gmail.com","Wicklow"
"Henchion John & Co","johnh@blarneylaw.com","Kildare"
"Hen and Stag Party","office@weddingsonline.ie","Kildare"
"Hempenstall Kathryn & Co","info@hempenstallaccountants.ie","Laois"
"Helvetic Heating Sunjoy","info@helvetic.ie?subject=Contact from constructionireland.ie",""
"Helvetic Heating Ireland","info@infraredheat.ie","Dublin"
"Heltzel Rudolf","info@rudolfheltzel.com","Kilkenny"
"Helpmypc.ie","info@helpmypc.ie","Cork"
"Helpful Man with Large Van","info@manwithvanireland.ie","Galway"
"Helpers.ie","info@handyhelpers.ie",""
"HELP@HAND Computer Services","kilcock@fixmypc.ie","Kildare"
"Help Me To Parent Ltd","info@helpme2parent.ie","Dublin"
"Help Dental","info@helpdental.ie","Dublin"
"HelloCrowd Limited","hellocrowd@gmail.com","Dublin"
"Hello Ireland Tours","sandra@helloireland.com","Dublin"
"Hell’s Kitchen Limited","info@hellskitcheninternational.com","Dublin"
"Helens Hairdressing Salon","feedback+unavailable@yelp.com","Dublin"
"Helenas Unisex Hairsalon","feedback+unavailable@yelp.com","Offaly"
"Helena Grattan Consulting","helena@helenagrattan.com?subject=Message%20From%20Helena%20Grattan%20Website","Wicklow"
"Helena Chocolates Ltd","info@helenachocolates.ie","Meath"
"Helen’s Dog Walking","helenfinn67@gmail.com","Meath"
"Helen’s","info.dublin@radissonblu.com","Dublin"
"Helen White Clinic","helenwhiteclinic@gmail.com","Wicklow"
"Helen Walsh","Helenwalshdesign@hotmail.com","Wexford"
"Helen Troy Book-Keeping","helentroy@eircom.net","Dublin"
"Helen Sherlock","helen@helensherlock.com","Limerick"
"Helen Rahill SEO and Digital Marketing","feedback+unavailable@yelp.com","Dublin"
"Helen Private homes and business cleaning","helenandmickcleaning@gmail.com","Dublin"
"Helen McMeel, CLASSICAL HOMEOPATH","helenoreillyspace@gmail.com.","Cork"
"Helen Coe Health Care","helencoe@health-care-ireland.com","Clare"
"Helen Coe","helencoe@health-care-ireland.com","Cork"
"Hele Windows & Doors","datarequests@boards.ie","Cork"
"Helaine’s Lingerie","mllegeorgesand@gmail.com","Waterford"
"Heiton Buckley Waterford","monaghan.online@chadwicks.ie","Monaghan"
"Heiton Buckley Limerick","info@chadwicks.ie","Wexford"
"Heiton Buckley Donegal","Letterkenny@heitonbuckley.ie?subject=Contact from constructionireland.ie","Cork"
"Heiton Buckley","ivan.holden@heitons.ie","Cork"
"Heir Island Holistics","heirislandholistics@gmail.com","Waterford"
"Heine T & A Ltd","info@heine.com","Dublin"
"HEILONGJIANG TIDBIT STATIONERY CO.,LTD","maikelaoli@tidbitstationery.com","Limerick"
"Height For Hire powered access platform company","info@heightforhire.com","Louth"
"Height For Hire Ltd.","info@heightforhire.com","Louth"
"Height For Hire (Environmental) Ltd","info@heightforhire.com","Dublin"
"Height For Hire (Environmental)","info@heightforhire.com","Cork"
"Heidi Lett B.L., Barrister & Accredited Mediator","info@serendipityboutique.ie","Kilkenny"
"Hegartys Solicitors","info@hegartyssolicitors.ie","Kildare"
"Hegarty’s Fire & Safety","john@firesafetycork.ie","Cork"
"Hegarty Tom","feedback+unavailable@yelp.com","Leitrim"
"Hegarty Timothy J & Son","pkiely@tjhegarty.ie","Donegal"
"Hegarty Thomas","info@hega.ie","Cork"
"Hegarty Properties","info@hegartyproperties.ie","Cork"
"Hegarty Patk","pjhdublin@pjhegarty.ie","Limerick"
"Hegarty Michael J","info@michaelhegartypsychotherapy.ie","Limerick"
"Hegarty Metal Recycling","marketing.ie@kompass.uk","Cork"
"Hegarty Lighting Ltd","sales@hegartylighting.ie","Galway"
"Hegarty Lighting","sales@hegartylighting.ie","Cork"
"Hegarty John","info@accountancyeurope.eu","Sligo"
"Hegarty Jas","info@gordonhegartyandsons.ie ","Carlow"
"Hegarty Gordon & Sons","info@gordonhegartyandsons.ie ","Cork"
"Hegarty Boat Yard","services@irishtimes.com","Waterford"
"Heffernans Bar","heffernansirishbar@gmail.com","Waterford"
"Heffernans Travel","info@heffernans.ie","Kildare"
"Heffernan Tyres","sales@heffernantyres.com","Dublin"
"Heffernan Transport Services","info@reaheffernan.ie","Offaly"
"Hegarty & Doherty","info@hegartys.ie","Tipperary"
"Heffernan Funeral Directors","heffernansfd@gmail.com","Wicklow"
"Heffernan Construction","Matt@heffernanconstruction.ie","Wexford"
"Heffernan Bar","heffernansirishbar@gmail.com","Mayo"
"Heffernan Antique Restoration","heffernanupholstery@gmail.com",""
"Hefferman Insurances","insurance@heffernan.ie","Galway"
"Hedz Hair Studio","info@hedz.ie","Cork"
"Hedging.ie","info@hedging.ie","Dublin"
"Hedgestown National School","dromorekillygordon@gmail.com","Dublin"
"Hedgerow Intelligent Buildings","niallsargent@noteworthy.ie","Carlow"
"Hedgeroe Living Ltd","rebecca@hedgeroe.com","Dublin"
"Hedgehog Multimedia","alloallo@hvf.ie","Dublin"
"Hedge cutting services","i%6e%66o@c%72ow%6e%74re%65s%65r%76%69c%65s.com","Dublin"
"Hedderman Financial Solutions","info@heddermanfinancial.ie","Westmeath"
"Hebrew Translation Services","info@certifiedtranslations.ie","Offaly"
"Heavin Gerry","customerhelp@independent.ie?body=Independent.ie&amp;subject=Independent.ie","Westmeath"
"Heavey Print Design","4e376b84dfa54d438285936f87ce3cfe@o477720.ingest.sentry.io",""
"Heavey Architects","feedback+unavailable@yelp.com","Offaly"
"Heaventree Design","info@heaventree.ie","Dublin"
"Heavenly hair salon","info@heavenlyhair.ie","Louth"
"Heavenly Food Co","feedback+unavailable@yelp.com","Dublin"
"Heavenly Fondue Fountains","asxvmprobertest@gmail.com","Offaly"
"Heavenly Cakes","info@heavenlycakes.ie","Dublin"
"Heaven’s Above Beauty & Therapy Clinic","hello@therapieclinic.com","Galway"
"heaven tree design","info@heaventree.ie","Westmeath"
"Heaven Sent Massage","customer.care@treatwell.ie","Dublin"
"Heaven Hair & Beauty","neveahheaven122@gmail.com","Dublin"
"Heaven Boutique","customerhelp@independent.ie?body=Independent.ie&amp;subject=Independent.ie","Dublin"
"Heaven And Earth Day Spa","info@mansionwellness.com","Dublin"
"Heaven & Earth","services@irishtimes.com","Offaly"
"Heaven Hair & Beauty","neveahheaven122@gmail.com","Laois"
"Heatwise","info@heatwise.ie","Meath"
"HeatStore","info@athronan.ie",""
"Heatshield Insulating Painting&Decor","diasen@diasen.com","Cork"
"Heatright","richardhale@renewablesireland.com","Sligo"
"Heaton Una","unaheaton@gmail.com","Dublin"
"Heating Systems","info@buildtech.ie","Dublin"
"Heating Solutions Limited","info@comfortsolutions.ie","Mayo"
"Heating Solutions","info@electricheatingsolutions.ie","Dublin"
"Heating Oil","admin@kiernanoil.ie","Dublin"
"Heating Distributors Ltd","info@heatingdistributors.com","Dublin"
"Heating Controls & Thermostats","contactecoheating@gmail.com","Donegal"
"Heating and Plumbing Solutions","info@HeatingandPlumbing.ie","Dublin"
"Heating and plumbing Ltd","darrenmoconnor22@gmail.com","Kildare"
"Heating & Plumbing Services","darrenmoconnor22@gmail.com","Kildare"
"Heathers Shoes","hello@bigshoes.ie","Dublin"
"Heather Lodge B & B","heatherhousebookings@gmail.com","Dublin"
"Heath Golf Club","info@theheathgc.ie","Dublin"
"Heatec Energy","richardhale@renewablesireland.com","Wexford"
"HEATCRAFT","hrpd.feedback@heatcraftrpd.com","Kildare"
"Heatco Stoves","info@heatco.ie","Dublin"
"Heatco ireland","info@heatco.ie","Wicklow"
"Heatamech Services","info@heatamechheatpumps.ie?Subject=Enquiry%20From%20Heatamech%20Heatpumps","Meath"
"Heat-tec","jsalyer@REMOVETHISmchsi.com","Laois"
"Heat Services Ltd","heatservices1@gmail.com","Laois"
"Heat Service Limited","heatservices1@gmail.com","Dublin"
"Heat Panel","info@infraredheat.ie","Dublin"
"Heat Merchants","enquiries@heatmerchants.ie","Limerick"
"Heat For Free","warmerhomes@seai.ie","Galway"
"Heat Craft","hello@thecraftcabin.ie","Cavan"
"Heaslip Dry Cleaners","68582645c37b4c5682c29943bbdbf251@o166990.ingest.sentry.io","Meath"
"Heary M. Scaffolding Ltd.","hearyscaffolding@gmail.com","Cork"
"Heartwood","info@heartwood.ie","Dublin"
"Heartsafety Solutions","info@hearts.ie","Kilkenny"
"Heart Wood","info@heartswoodheritage.ie","Dublin"
"Heart to Hand"," pat.whelan@omc.ie","Dublin"
"Heart Passion Institute","melody@heartpassioninstitute.com","Wicklow"
"Heart Children Ireland","info@heartchildren.ie","Tipperary"
"Hearne John (Hardware) Ltd","info@johnhearnhardware.ie","Dublin"
"Hearing Healthcare Ireland Ltd","solicitors@steenoreilly.ie","Louth"
"Hearing Healthcare Ireland","solicitors@steenoreilly.ie","Waterford"
"Hearing Care Centre The","info@dublinhearingaids.com","Dublin"
"Hearing Care","info@hiddenhearing.ie?subject=Contact Hidden Hearing","Waterford"
"Hear 2 Listen","info@tippfm.com","Tipperary"
"Heaphy Thomas","56f5f1f845634f1d867501809aa8082b@sentry.io","Limerick"
"Heaney Liam","l.heaney@qub.ac.uk","Galway"
"Heaney Keogh Chartered Accountants and Registered Auditors","lisa.heaney@heaneykeogh.ie","Dublin"
"Heaney Derek","anne@visitcork.ie?trk=public_post_main-feed-card-text","Kerry"
"Healystone Ltd","info@creditsafe.ie","Cork"
"Healys Honey","info@healyshoney.ie","Cork"
"Healys Cafe Bar","healybri@eircom.net","Cork"
"Healy’s Blue Bin","info@healysbluebin.ie","Dublin"
"Healy T","office.dean.res@tcd.ie","Clare"
"Healy Rimmington Photography","help@smugmug.com","Cork"
"Healy R & Son","office@pollertoncastle.com?subject=Website_Enquiry","Carlow"
"Healy Pass Crafts","node_modules.@redbubble.design-system.react.Alert.error","Galway"
"Healy O’Connor Solicitors","info@hoc.ie","Cork"
"Healy Michael Gerard","info@presscouncil.ie","Kerry"
"Healy Michael","jobs@douglas-esl.ie","Cork"
"Healy Martin & Co.","martinhealy123@gmail.com","Waterford"
"Healy M.A. & Sons Ltd","sales@mahealy.ie?trk=organization_guest_main-feed-card-text","Cork"
"Healy Kelly Turner & Townsend","philip.matthews@turntown.com","Cork"
"Healy John Steel Fabrications","jhealyfabrications@gmail.com","Kerry"
"Healy James P & Co Insurances Ltd","info@healyinsurances.ie","Kerry"
"Healy J & M Construction Ltd.","info@johnhealyconstruction.ie","Mayo"
"Healy Dr P","robert@rhealy.ie","Tipperary"
"Healy Dr John","john.healy@ucd.ie","Dublin"
"Healy David Building & Carpentry Ltd","info@davidhealey.ie","Wicklow"
"Healthy Vending","healthyvendor@yahoo.com","Kildare"
"Healthy Say","healthyucd@ucd.ie","Dublin"
"Healthy Living","info@healthyliving.ie","Kildare"
"Healthy Hair Studio","info@healthyhairstudio.ie","Dublin"
"Healthy Habits Healthfood Store","healthyhabsstore@gmail.com","Dublin"
"Healthy Dynamics Ltd","goodenergiesalliance@gmail.com","Leitrim"
"Healthy Body Healthy Mind","fabio@healthymindtherapies.ie","Dublin"
"HealthWest Community Pharmacy","pharmacy@healthwest.ie","Mayo"
"HealthPlus","info.cw@setu.ie","Carlow"
"Healthcare Screening Ireland","healthcheck@beaconhospital.ie","Dublin"
"Healthcare Medical Waste Mgmt Services","info@a2i.gov.bd","Down"
"Health Watchers 2010","asxvmprobertest@gmail.com","Kildare"
"Health Therapies","info@whatclinic.com","Meath"
"Health Store The","info@thehealthstore.ie","Down"
"Health Options","info@healthoptions.ie","Dublin"
"Health Matters At The","internetsupply@psi.ie","Dublin"
"Health Matters","info@clare.fm","Clare"
"Health Insurance Comparisons","info@hia.ie","Leitrim"
"Health Haven","aisling.colreavy@galwaycity.ie","Galway"
"Health For You","healthy@donegalcoco.ie","Donegal"
"Health Action Overseas","haoireland@gmail.com","Cork"
"Health 1st","aisling.oneill4@hse.ie","Cork"
"Health & Safety Services, Training and Consultancy Ltd","linda@essentialsafety.ie","Kildare"
"Health & Safety Services Training & Consutlancy Ltd","info@ktcsafety.ie","Wicklow"
"Health & Nutrition","info@healthnutrition.ie","Dublin"
"Health & Healing","healingharvestshop@gmail.com","Galway"
"Health & Harmony Clinic","health_harmony@yahoo.com","Wexford"
"Health & Beauty Suite","info@secretessence.ie","Offaly"
"Health & Beauty @ The Lodge","catriona@reveal.ie","Offaly"
"Healion Tree Care","info@healiontreecare.com","Offaly"
"Healing Touch","corkhealingcentre@hotmail.com","Cork"
"Healing through Holistics","marion1bienert@hotmail.com","Dublin"
"Healing Therapies (Sole Trader)","info@theiveaghpractice.ie","Dublin"
"Healing Room The","vividempsey@gmail.com","Galway"
"Healing Harvest Health Food Store","healingharvestshop@gmail.com","Wicklow"
"Healing Harvest","healingharvestshop@gmail.com","Dublin"
"Healing Hands at Work Holistic Centre","info@whatclinic.com","Dublin"
"Healing Creations","peace@healingcreations.ie","Galway"
"Healing Code Acupuncture Clinic","info@whatclinic.com","Dublin"
"HEALING CIRCLES","ukvoicemails@eventbrite.com","Dublin"
"Heal Your Life","info@dorasbui.ie","Dublin"
"Heal Within","info@healwithin.ie","Dublin"
"Headstones.ie","info@cavanmemorials.ie","Cavan"
"Headstones Ireland","info@traceyrennicksmemorials.ie?Subject=Web Site Enquiry","Meath"
"Headstones for Graves in Ireland","info@kellycowinmemorials.ie","Dublin"
"Headstart Unisex Hair Salon","headstartardee@gmail.com","Louth"
"Headstart Business Training- Public Service","headstart@rethinkireland.ie?trk=public_post-text","Dublin"
"Headstart","webmaster@kildare.ie","Kildare"
"Headrush Salon","388fe63e6063cc241ca2a1b0f52622a3@o61919.ingest.sentry.io","Cavan"
"Headrush Hair Design","762headrush@gmail.com","Limerick"
"Headrush","customerhelp@independent.ie?body=Independent.ie&amp;subject=Independent.ie","Louth"
"Headquaters","info@monaghancoco.ie","Monaghan"
"Headquarters Hair Studio","hqhairstudio@gmail.com","Waterford"
"Headquarters Hair Salon","celbridge@hoffice.ie","Kildare"
"Headquarters","civildefence@carlowcoco.ie","Carlow"
"Headons Bar","minnie.reardonsrestaurant@gmail.com?subject=?","Limerick"
"Headmasters Unisex Hair Salon","headmastershairlimerick@gmail.com","Limerick"
"Headmasters Hair & Beauty","feedback+unavailable@yelp.com","Kerry"
"Headmasters","388fe63e6063cc241ca2a1b0f52622a3@o61919.ingest.sentry.io","Dublin"
"Headmaster The","Admin@wexfordcbs.ie","Wexford"
"Headlites Hair Studio","anns100@gmail.com","Mayo"
"Headlines Hair Studio","388fe63e6063cc241ca2a1b0f52622a3@o61919.ingest.sentry.io","Louth"
"Headlines","desk@breakingnews.ie","Dublin"
"Headline The","customerhelp@independent.ie?body=Independent.ie&amp;subject=Independent.ie","Cork"
"Headline It","news@Limericklive.ie","Limerick"
"Headhunters","Galway@cpl.ie","Galway"
"Headfort Golf Club","info@headfortgolfclub.ie","Galway"
"Headford Rd Distmantlers","headfordroadparts@gmail.com","Galway"
"Headford Co-Operative Mart Livestock & Property Auctioneers","hmartps@gmail.com","Roscommon"
"Headford Arms Hotel","info@headfortarms.ie","Donegal"
"Headers Hair & Beauty Salon","Natasha.headerz@hotmail.com","Dublin"
"Headers","customerservices@limerick.ie","Limerick"
"Head To Toe","info@head2toechiropractic.ie","Cork"
"Head Shed","info@headshed.ie","Galway"
"Head Rushh","support@desertcart.com","Cork"
"Head Quarters","sebastian.shehadi@ft.com","Dublin"
"Head Office, Dublin","waterfordcourtoffice@courts.ie","Waterford"
"Head Office Hairsalon","celbridge@hoffice.ie","Dublin"
"Head Mechanix","info@mechanic247.ie","Dublin"
"Head In The Clouds Ltd","heather@headintheclouds.ie","Dublin"
"Head Hunt International","info@headhuntinternational.com","Kildare"
"Head Hair Salon","celbridge@hoffice.ie","Kildare"
"Head For Hair","thehairshoplimerick@hotmail.com","Limerick"
"Head First","joe@headfirst.ie?subject=Website%20Enquiry","Dublin"
"Head Couture","info@adorned-couture.com","Meath"
"Head Cases Hair Studio","Headcaseshairsalon@gmail.com","Roscommon"
"Head 2 Toe Beauty Clinic","feedback+unavailable@yelp.com","Limerick"
"Head 2 Toe","awarenessheadtotoe@gmail.com","Wexford"
"Head 2 Head Hair Studio","head2headofdorchester@gmail.com","Dublin"
"Head","enquiries@rootsireland.ie","Carlow"
"HDS Paint & Wallpaper","orders@gerrykeane.ie","Kildare"
"HDA Vitality","info.limerick@claytonhotels.com","Limerick"
"HC2 Hair Salon","388fe63e6063cc241ca2a1b0f52622a3@o61919.ingest.sentry.io","Galway"
"HC Mortgage Solutions","admin@hcgroup.ie","Galway"
"HC Finantial Services Group Ltd.","admin@hcgroup.ie","Cork"
"HC Financial Services Group Ltd","admin@hcgroup.ie","Meath"
"HC Developments Ltd, t/aGolden Meadows Retirement Village","marketing.ie@kompass.uk","Waterford"
"HBS Company Formations","formations@companybureau.ie","Dublin"
"HBS Accounting Services","damian.casey@hse.ie","Dublin"
"HBS","wellbeing.strategy@hse.ie","Dublin"
"HBE Risk Management","enquiries@hberm.com","Dublin"
"HBE","enquiries@hberm.com","Dublin"
"HBAN","info@horizonaccounting.ie","Meath"
"HB The Mini Piling Company Ltd","info@minipiling.ie","Meath"
"HB Mini Piling Company LTD","info@minipiling.ie","Antrim"
"HB Dennis Leasing Ltd.","leasing@hbdennisleasing.ie","Dublin"
"HB Construction","feedback+unavailable@yelp.com","Kildare"
"Hazelwood Student Village","support@hazelwood.ie","Waterford"
"Hazelwood B/B","fenellamcarey50@gmail.com","Galway"
"Hazelwood","niah@housing.gov.ie?subject=Amendment to Hazelwood House, TWO-POT-HOUSE, CORK (Reg No: 20902511)","Cork"
"Hazel Tree Inn","hazelgrovecong@gmail.com","Mayo"
"Hazel Mill Stone Ltd","sales@hazelmillstudio.com","Kildare"
"Hazel Hotel","reception@hazelbrookhouse.ie","Dublin"
"Hazel Hall Nursing Home","info@hiqa.ie","Clare"
"Hazel Grove Golf Club","secretary@hazelgrovegolfclub.com","Kerry"
"Hazel Fort Open Farm","george@hazelfortfarm.com","Wexford"
"Haz’s Kitchens","info@rootskitchen.ie","Cork"
"Hays Specialist Recruitment","your.name@provider.com","Limerick"
"Hays Recruitment","jon@hays.com","Cork"
"Hays – Job Recruitment Agency","customerserviceireland@hays.com","Dublin"
"Haynes & Associates Building Surveyors","info@haynescl.ie","Cork"
"Haymish productions","info@fuelhq.ie?subject=New%20business","Cork"
"Hayfield Manor Hotel","enquiries@hayfieldmanor.ie","Tipperary"
"Hayfield Manor","enquiries@hayfieldmanor.ie","Offaly"
"Hayes Transport","info@hayestransport.ie","Clare"
"Hayes Security","hayessecurity@gmail.com","Clare"
"Hayes Patrick","news@Offalylive.ie","Offaly"
"Hayes Pat Motors","feedback+unavailable@yelp.com","Limerick"
"Hayes Noel","garageman@live.ie","Cork"
"Hayes Ml","michael.h.hayes@ul.ie","Limerick"
"Hayes Michael Dr","info@northdoc.ie","Dublin"
"Hayes MG & Co","marketing.ie@kompass.uk","Galway"
"Hayes Jos","jon@hays.com","Cork"
"Hayes Haulage Ltd","info@hayestransport.ie","Wexford"
"Hayes Garage","hayesgarage@hotmail.com","Cork"
"Hayes Drs Ml & James Dr M C","drsarahfitzgibbon@wimin.ie","Kerry"
"Hayes Dr Paddy","infopathayes@iol.ie","Wicklow"
"Hayes Denis & Sons","sales@planninghandbook.com","Kerry"
"Hayes David PG Pro Shop","davidhayesgolf@gmail.com.","Kerry"
"Hayes Daly & Co","castleislandchamber@gmail.com","Westmeath"
"Hayes Connie","feedback+unavailable@yelp.com","Cork"
"Hayes Coghlan & Co","reception@hcdaccountants.ie","Cork"
"Hayes Caravan Transport","info@hayeshaulage.ie","Cork"
"Hayes Caravan Services","info@hayescaravans.com","Limerick"
"Hayes Brendan P","daffyscondolences@gmail.com","Limerick"
"Hayes Brendan","daffyscondolences@gmail.com","Offaly"
"Hayes Bar","hayesbarandkitchen@gmail.com","Cork"
"Hayes & Boland Ltd. design studios","feedback+unavailable@yelp.com","Wicklow"
"Hayes","hayesbarandkitchen@gmail.com","Cork"
"Haydens Hire Specialists","noreply@indeed.com","Tipperary"
"Hayden Wood Ltd","haydenwoodltd@eircom.net","Waterford"
"Hayden Sean","info@irishnationalopera.ie","Dublin"
"Hayden School of Motoring","dermotinhayden@hotmail.com","Kildare"
"Hayden Painting Contractors","info@paintersanddecoratorsdublin.ie","Dublin"
"Hayden Hire","info@seanharveysafety.ie","Carlow"
"Hayden Brown, Chartered Accountants","office@haydenbrown.ie","Dublin"
"Hayden Bark Mulch","marya@webbery.ie?subject=Website%20Enquiry%20https://www.webbery.ie","Kilkenny"
"Hayden Accountancy Services","office@haydenbrown.ie","Dublin"
"Hay Group (Ireland) Limited","your.name@provider.com","Roscommon"
"Hawthorne Pat Transport","info@hawthornlogistics.ie","Cork"
"Hawthorn Veterinary Clinic","Hawthorn_vets@eircom.net","Cork"
"Hawthorn The","info@hawthornnurseries.com","Clare"
"Hawthorn on the Lough","hello@hawthornhandmadeskincare.com","Clare"
"Hawthorn Nurseries & Landscaping","info@hawthornnurseries.com","Galway"
"Hawthorn Gallery The","mailourgallery@gmail.com","Cork"
"Hawthorn Bar The","crokepark@doylecollection.com","Dublin"
"Hawthorn Bar","info@creditsafe.ie","Mayo"
"Hawt Dogz","hawtdogz123@gmail.com","Dublin"
"Hawkshaw Seamus","seamushawkshaw@hotmail.com","Cork"
"Hawkins Julie Taxation Courses","info@accountancyschool.ie","Tipperary"
"Hawkins George","customerhelp@independent.ie?body=Independent.ie&amp;subject=Independent.ie","Dublin"
"Hawkesbury Services Ltd","feedback+unavailable@yelp.com","Roscommon"
"Hawk’s Well Theatre","boxoffice@hawkswell.com","Galway"
"HAWK DEFENCE","customerhelp@independent.ie?body=Independent.ie&amp;subject=Independent.ie","Waterford"
"Hawe J & M Funeral Directors Ltd","hawefuneraldirectors@gmail.com","Cork"
"Haverty Dr Niamh","doctorsclinic32@gmail.com","Cork"
"Havenwood Nursing Care Facility","info@nfg.ie","Kerry"
"Haven-Shellfish","jamie@havenshellfish.ie","Waterford"
"Haven Sheds","info@admansteelsheds.ie","Tipperary"
"Haven Pharmacy Farmers Ballyogan","farmers.ballyogan@havenpharmacy.ie","Dublin"
"Haven Pharmacy Burke’s MBT","info@havenpharmacyburkes.ie","Cork"
"Haven Pharmacy","info@havenpharmacy.ie","Dublin"
"Haven Hotel","info@thehavenhotel.com","Wexford"
"Haven Home Care","thehavenballina@gmail.com","Mayo"
"Haven Hire","info@haven.ie","Kildare"
"Haven Hair Designs","havenhairdesignstudiopassage@gmail.com","Cork"
"Haven Group","info@thehavengroup.ie","Cork"
"Haven Family & Community Resource Centre The","sarah@athycfrc.ie","Kildare"
"Haven Driving School","clareschoolofdriving@gmail.com","Clare"
"Haven Counselling","frank@havencounselling.net","Cork"
"Haven Chiropractic","info@havenpainrelief.ie","Cork"
"Haven Bay Care Centre","info@havenbay.ie","Cork"
"Haven Bar & Restaurant","thehavenbarkillavullen@gmail.com","Cork"
"Haven Auctioneers","hello@auctioneera.ie","Dublin"
"Haven Accommodation","info@thehavenhotel.com","Waterford"
"Have the Craic","dpo@tourismireland.com?subject=Remove Data from ireland.com","Kilkenny"
"Have a Magic Party","magicpartyireland@gmail.com","Dublin"
"Have A Bounce","hello@dublinbounce.ie","Dublin"
"Havanna hair & beauty Salon","book@havanaskinclinic.com","Dublin"
"Havanatherapy Laser hair removal Dublin","book@havanaskinclinic.com","Cork"
"Haughey Joinery Ltd","haugheyjoineryltd@hotmail.com","Clare"
"Haugh Paul","info@thewildatlanticlodge.com?subject=Website Contact form","Clare"
"Hatz for Hire","mmlydon@gmail.com","Meath"
"Hattractions","enquiries@rootsireland.ie","Carlow"
"Hattons Pub & Guesthouse","info@hattons.ie","Dublin"
"Hatton Frances","detected@3195.2ms","Cork"
"Hattire","info@hattire.ie","Galway"
"Hatsolutely Fabulous","martymcq@gmail.com","Wicklow"
"Hats Handmade To Match Your Outfit","info@embroiderycork.ie","Cork"
"Hatrick","hattrickfermoy@gmail.com","Cork"
"Hatchett Jessica","jess@hatchett.ie","Dublin"
"Hatchet Inn The","osheashatchet@gmail.com","Cork"
"Hat Fascinations The Designer Hat Hire Studio","feedback+unavailable@yelp.com","Mayo"
"Hat Designer – Helen Cooke","thebrownbearpub@hotmail.com","Galway"
"Hastings Paddy","feedback+unavailable@yelp.com",""
"Hastings Insurance Brokers","ballina@hastings.ie","Mayo"
"Hastie Insulation (Irl) Ltd","inquiry1@bloomberg.net",""
"Hassetts Bakers & Confectioners Ltd","office@hassettsbakery.ie","Dublin"
"Hassett Leyden & Associates","hlamail@hassettleyden.ie","Clare"
"Hassett Brian Carpentry","mr.carpentry9@gmail.com","Dublin"
"Hassett & Fitzsimons","info@hassettandfitzsimons.ie","Cork"
"Hassett & Associates (C.B.T.) Ltd","tmorley@pharoscounselling.ie","Kildare"
"Hashtag Web Design","info@hashtag.ie","Dublin"
"Hashim Dr Eisa","services@irishtimes.com","Cork"
"HAS Medical Billing","customerservices@has.ie","Dublin"
"Harwood Designs ltd.","inquiry1@bloomberg.net","Dublin"
"Harveys Point hotel","stay@harveyspoint.com","Cork"
"HarveyCo","stay@harveyspoint.com","Donegal"
"Harvey’s B&B and Sports Bar","hello@jbsbarkilkenny.com","Kilkenny"
"Harvey Nursing &Convalescent Home","contact@dvnasoftech.com","Cork"
"Harvey Martin A & Co","maharvey@martinharvey.ie","Kilkenny"
"Harvester The","dispatch@tractortransport.com","Dublin"
"Harvest Moon Centre","peter@harvestmoon.ie","Dublin"
"Harvest Loom","hi@beeketing.com.","Cork"
"Harvest","christythewell@eircom.net","Kerry"
"Harty’s Bar & Restaurant","hartyscloyne@gmail.com","Limerick"
"Harty Féidhlim Wetland Systems","reeds@wetlandsystems.ie","Kerry"
"Harty Brendan & Assoc. Fire Consultancy Services","info@fireconsultants.ie","Dublin"
"Hartwell Fireplaces","sales@livingstone.ie","Limerick"
"Hartney Sean Boiler Maintenance","ulaa@ul.ie","Cork"
"Hartnetts Coach Hire","thoshart64@eircom.net","Cork"
"Hartnett’s Garage","feedback+unavailable@yelp.com","Cork"
"Hartnett Landscaping","hartnettproducts@gmail.com","Cork"
"Hartnett Dr Joe","thegrovemedicalcentre@gmail.com","Cork"
"Hartnett Donal","legalnotices@centerbridge.com","Galway"
"Hartnett & Son","info@hartmanns.ie","Galway"
"Hartnett & Co","mhartnett@fdc.ie","Cork"
"Hartmanns Of Galway","info@hartmanns.ie","Galway"
"Hartmann A & Son Ltd","info@hartmanns.ie","Wexford"
"Hartley’s Auto Repair Centre","feedback+unavailable@yelp.com","Longford"
"Hartley People","someone@yoursite.com","Limerick"
"Hartigans Restaurant","Johnhartigan2001@yahoo.com?subject=?","Limerick"
"Hartes Hotel","info@countywexfordchamber.ie","Wexford"
"Hartedesigns","info@harteoutdoorlighting.ie","Cork"
"Hartecast","info@hartecast.com","Cork"
"Harte`s Dental Surgery","info@hartesdental.ie","Dublin"
"Harte Solicitors","info@hartes.ie","Kilkenny"
"Harte Patk","galwaynationalparkcity@gmail.com","Galway"
"Harte Dr Patanne","info@whatclinic.com","Cork"
"Hart Bros","info@dundalktouristoffice.ie","Louth"
"Harrys Electrical World Ltd","marketing.ie@kompass.uk","Wicklow"
"Harrys Bar","harrysbar@cipriani.com","Cork"
"Harry Roberts","4e376b84dfa54d438285936f87ce3cfe@o477720.ingest.sentry.io","Dublin"
"Harry Laird","marie.mcmahon@tipperarycoco.ie","Carlow"
"Harry Hire","harryhire@eircom.net","Dublin"
"Harry Harris Steelworks","info@psr.ie","Leitrim"
"Harry Farrell & Sons Ltd","Info@harryfarrellsons.ie","Dublin"
"Harron Commercials Ltd","info@simi.ie","Dublin"
"Harrisons Bar & Restaurant","deklanharrison@eircom.net","Galway"
"Harrison O’Dowd Solicitors","info@harrisonodowd.ie","Limerick"
"Harrison L F & Son Ltd","sales@planninghandbook.com","Dublin"
"Harrison Electrical Services","info@oharaharrison.ie","Dublin"
"Harrison Burnell","info@harrisonburnell.com","Meath"
"Harris Windows","info@harriswindows.ie","Meath"
"Harris Security Installations","paul@harris.ie","Dublin"
"Harris Scaffolding","info@peri.ie?subject=Enquiry%20-%20PERI%20Ireland","Dublin"
"Harris Myers – Business Development, Digital Marketing and","feedback+unavailable@yelp.com","Cork"
"Harris Myers – Business Development & Lead Generation Consultants","info@soonerthanlater.com","Dublin"
"Harris Heating & Plumbing Ltd","info@harrisheating.ie","Kildare"
"Harris Group","careers@harrisgroup.ie?trk=organization_guest_main-feed-card-text","Wicklow"
"Harris Driving School","info@HarrisDrivingSchool.ie","Dublin"
"Harris Dr K","clodagh.harris@ucc.ie?Subject=Research%20Profile","Cork"
"Harris Declan Transport Ltd","info@harristransport.ie","Dublin"
"Harris Coyle Breen","office@hcbqs.ie","Cork"
"Harris Claims Consultants","info@harrisclaimsconsultants.ie","Cork"
"Harringtons Garage","info@harringtongarage.com","Cork"
"Harringtonoflynn Consulting Engineers","info@harringtonoflynn.ie","Cork"
"Harrington Training Services","astrogate@hotmail.com","Dublin"
"Harrington Stephen","stephen.harrington@russelltobin.com?trk=public_post_main-feed-card-text","Wexford"
"Harrington Precast Concrete","sales@harringtonconcrete.ie","Limerick"
"Harrington J F & Co","jfharringtonlouise@gmail.com","Kerry"
"Harrington Haulage","info@eirehaulage.ie","Mayo"
"Harrington George","Info@harringtonshomevalue.com","Offaly"
"Harrington Frank Ltd","sales@harringtonconcrete.ie","Cork"
"Harrington Estates Property","info@harringtonestates.ie?subject=Website Enquiry","Cork"
"Harrington Dr Peter","drrichardconway@gmail.com...","Mayo"
"Harrington Donal Coach & Hackney Svc","marketing.ie@kompass.uk","Cork"
"Harrington Dennis","info@harringtonestates.ie?subject=Website Enquiry","Cork"
"Harrington Assessors Ltd","marketing.ie@kompass.uk","Donegal"
"Harrington Asbestos Removal","info@har.ie","Donegal"
"Harrigan Joinery","info@harriganjoinery.com","Dublin"
"Harrigan Haulage","martin.harrigan@setu.ie","Waterford"
"Harrell Electrical & Mechanical Contractors Ltd","marketing.ie@kompass.uk","Wexford"
"Harpur John Engineering Ltd","johnharpureng@gmail.com","Dublin"
"Harper Nicholas","customerhelp@independent.ie?body=Independent.ie&amp;subject=Independent.ie","Wicklow"
"Harper Collins Publicity","Courtney.Nobile@harpercollins.com","Louth"
"Harp Service Station","office@theharp.ro","Kilkenny"
"Harp for all events","maryroddy66@gmail.com","Roscommon"
"Harp & Shamrock The","info@harpandshamrock.net","Dublin"
"Harolds X National Sch","office@haroldscrossns.ie","Tipperary"
"Harolds Cross Greyhound Stadium","'pr@grireland.ie'","Dublin"
"Harnett’s Garage","harnetttom@gmail.com","Cork"
"Harnett William","customerhelp@independent.ie?body=Independent.ie&amp;subject=Independent.ie","Dublin"
"Harnett Kieran","contact@kieranharnett.com","Louth"
"Harnans Pub","harnansbar@rocketmail.com","Wexford"
"Harmony Products Marital Aids","asxvmprobertest@gmail.com","Armagh"
"harmony hampers","boltondanny@hotmail.com","Carlow"
"Harmony Blinds & Furniture","info@harmonyblinds.com","Limerick"
"Harmony Beauty Salon","harmonybeauty@live.ie","Wicklow"
"Harmonics Money Ltd","info@harmonics.ie","Dublin"
"Harmon Vinduer Ltd","info@h-v.ie","Dublin"
"Harmon Roofing & Building","harmonroofingbuilding@gmail.com","Dublin"
"Harmon Air Conditioning Services","info@harmongroup.ie","Sligo"
"Harleytees","Sales@harleytees.ie","Dublin"
"Harley Roger","office@weddingsonline.ie","Kildare"
"Harley Medical Group","customerservices@harleymedical.com","Dublin"
"Harley Davidson Ireland","info@dublinharley-davidson.com","Cork"
"Harley Davidson Dublin","info@dublinharley-davidson.com","Kildare"
"Harley Court Orthodontics","info@harleycourtorthodontics.ie","Kildare"
"Harlequin Wedding Band","Shane@harlequinband.ie","Dublin"
"Harlequin Ireland’s Exclusive Wedding Band","Shane@harlequinband.ie","Offaly"
"Harkness Chiropractic","info@atlanticchiro.ie","Donegal"
"Harkins Dr Velma","services@irishtimes.com","Kilkenny"
"Harkinmcnutt","asxvmprobertest@gmail.com","Leitrim"
"Harkin Syd","news@kilkennylive.ie","Kildare"
"Harkin Patrica","pharkin@uic.edu","Cavan"
"Harkin Haulage Ltd","info@harkintransport.ie","Donegal"
"Hargaden John & Associates","liam@liamcotterandassociates.ie","Dublin"
"Haren Sean","Sean.Haran@dcu.ie","Dublin"
"Hare Inn","info@hareinn.com","Meath"
"Hardy Partnership Ltd","info@hardy.ie",""
"Hardwood Floor Company The"," info@thfc.ie","Dublin"
"Hardwood Components","sales@duffieldtimber.com","Kildare"
"Hardware Support","carlow@experthardware.ie","Carlow"
"Hardware Heaven","sales@hardwareheaven.ie","Kilkenny"
"Hardscapes","patrick@lanelandscaping.ie","Galway"
"Harding Fireplaces","info@hardingfireplaces.com","Wicklow"
"Hardiman Pat Insurances Ltd","info@hastings.ie","Dublin"
"Hard to Touch","support@alltrails.com","Meath"
"Hard Hat Photo","ncontact@matreding.com","Dublin"
"Hard Boiled Egg Cafe","thehardboiledeggcafe@gmail.com?subject=?","Dublin"
"Harcourt Health","info@harcourthealthdentalpractice.ie","Waterford"
"Harcourt Creche","services@irishtimes.com","Dublin"
"Harbour Village Holiday Homes","services@irishtimes.com","Wicklow"
"Harbour View Business Centre","marketing.ie@kompass.uk","Donegal"
"Harbour Trading Company The","braygas@live.com","Cork"
"Harbour Restaurant","theharbourbarleap@gmail.com?subject=?","Cork"
"Harbour Queen Ferry","info@harbourqueenferry.com","Cork"
"Harbour Point Golf Club","customerhelp@independent.ie?body=Independent.ie&amp;subject=Independent.ie","Dublin"
"Harbour Place Shopping Centre","hpsc@eircom.net","Westmeath"
"Harbour Oil","orders@donegaloil.ie","Donegal"
"Harbour Master Bar","info@harbourmaster.ie","Westmeath"
"Harbour Lights Nursing Home","info@hiqa.ie","Galway"
"Harbour Jewellers","help@one4all.ie","Dublin"
"Harbour Hotel","stay@harbour.ie","Dublin"
"Harbour Clinic | Physical Therapy Pain Relief Centre","mark@harbourclinic.com","Cork"
"Harbour Clini","info@harbourhealth.ie","Cork"
"Harbour Bay Flowers & Garden Centre","harbourbayflowers@hotmail.com","Galway"
"Harbour Bar The","info@theharbourbar.ie","Wicklow"
"Happythreads","wecare@happythreads.com","Dublin"
"Happyhounds Boarding Kennels","kay@happyhounds.ie","Dublin"
"HAPPY TIMES","pfitz001@gmail.com","Cork"
"Happy Nappy Cakes Ltd","info@happynappycakes.ie","Wicklow"
"Happy Irish Dogs","info@happyirishdogs.ie","Dublin"
"Happy Heart Carlow","customerhelp@independent.ie?body=Independent.ie&amp;subject=Independent.ie","Sligo"
"Happy Face","info@jacintassmile.ie","Roscommon"
"Happy Dog Days","annemariew.waderyan0@gmail.com","Tipperary"
"Happy Days Montessori School","janejackson@totsoffun.ie.","Cavan"
"happy days facepainting","happyfacescork@hotmail.com","Cork"
"Happy Days Childcare Services Ltd","info@limerickchildcare.ie","Limerick"
"happy camper","info@happycampers.ie","Dublin"
"Happy Bumps","info@blossomandbear.com","Dublin"
"Haperty Ltd","info@haperty.com","Dublin"
"Hapenny Bridge Inn","hapennybridgeinn@hotmail.com?subject=New contact from Hapenny Bridge Inn","Dublin"
"Hanway Haulage","info@pianomove.ie","Dublin"
"Hansel & Gretel","hanselandgretelbakery@gmail.com","Clare"
"Hanse-Haus","STEFFEN@STLART.DE","Louth"
"Hanratty Thomas","customerhelp@independent.ie?body=Independent.ie&amp;subject=Independent.ie","Kildare"
"Hanratty Dr Martina","info@cssdoctor.ie","Limerick"
"Hanrahans Tea Rooms","theparlourtearooms@gmail.com","Waterford"
"Hanrahan Tree Services","Pathanrahan41@gmail.com","Clare"
"Hanrahan T & Sons Ltd","sales@completecuisine.com","Tipperary"
"Hanrahan John","info@presscouncil.ie.","Louth"
"Hanrahan Jas","admissions.sligo@atu.ie","Sligo"
"Hannon Thomas","extratimelive@gmail.com","Waterford"
"Hannon James","desk@breakingnews.ie","Dublin"
"Hannon Enda","e.hannon@kingston.ac.uk","Limerick"
"Hannon Dr Mairead","customerhelp@independent.ie?body=Independent.ie&amp;subject=Independent.ie","Limerick"
"Hannon Crash Repairs Bray","support@hostingireland.ie","Mayo"
"Hannigans Bar","info@killarneyinternational.com?subject=?","Kildare"
"Hannigans","hannigantransport@yahoo.ie","Cavan"
"Hannigan’s Facility Services","info@hanniganservices.ie","Waterford"
"Hannigan Transport","hannigantransport@yahoo.ie","Cavan"
"Hannigan Painters & Decorators Limited","hanniganpainters@eircom.net?subject=Contact from constructionireland.ie","Tipperary"
"Hannigan Facility Services","info@hanniganservices.ie","Waterford"
"Hannigan Engineering","info@hanniganengineering.com","Kildare"
"Hanniffy Coaches","Fosterscoaches@gmail.com","Dublin"
"Hanney Dr David","webteam@scrippshealth.org","Cork"
"Hannaway & Hannaway Chartered Surveyors","info@landsurvey.ie","Dublin"
"Hannas Bookshop","hannas@iol.ie","Galway"
"Hannan Michelle Ceramics","michele@michelehannanceramics.com","Limerick"
"Hannan Bob","info@quinnsfuneralhome.ie","Carlow"
"Hannahs Hair Salon","hannahsshair@gamil.com","Meath"
"Hanly William","56f5f1f845634f1d867501809aa8082b@sentry.io","Roscommon"
"Hanly Donnellan","info@hanlydonnellan.com","Dublin"
"Hanlon Transport Limited","info@hannontransport.com","Dublin"
"Hanlon Roofing","info@hanlonroofing.ie","Dublin"
"Hanlon Dr MI","maggimay@primus.com.au","Meath"
"Hanlon Dr John C & Kelly MB","kontakt@netstel.pl","Dublin"
"Hanlon Concrete Products","info@hanlonconcrete.ie","Dublin"
"Hanleys of Cork","admin@hanleysonline.com","Wicklow"
"Hanleys Garden Supplies","admin@hanleysonline.com","Cork"
"Hanleys Furniture Restoration","info@furniturerestorationireland.ie","Roscommon"
"Hanley’s Christmas Shop","admin@hanleysonline.com","Dublin"
"Hanley’s Chemist","hanleyschemist@gmail.com","Limerick"
"Hanley Transit","sales@peterhanleymotors.ie","Tipperary"
"Hanley Melvyn Solicitors","reception@melvynhanley.com ","Limerick"
"Hanley Francis & Co","marketing.ie@kompass.uk","Kerry"
"Hanley Elma","aosullivan@irishcancer.ie","Mayo"
"Hanley Electrical","energy@hanleyenergy.com","Cork"
"Hanley Adrian","energy@hanleyenergy.com","Louth"
"Hanley & Co Solicitors","james@jameshanley.ie","Mayo"
"Hanger Boutique","thehangerboutique@gmail.com","Cavan"
